Date,Open,High,Low,Last,Close,Total Trade Quantity,Turnover (Lacs)
2014-04-22,877.1,886.9,870.3,877.5,874.85,1475886.0,12944.57
2014-04-23,872.0,882.5,862.1,880.0,879.55,4983550.0,43629.76
2014-04-25,885.0,897.0,883.5,893.25,894.1,5096356.0,45443.55
2014-04-28,887.3,892.95,880.0,885.85,884.35,2581562.0,22842.49
2014-04-29,881.15,893.4,877.0,887.0,887.4,1794252.0,15864.18
2014-04-30,889.95,903.5,888.45,900.0,897.95,2754178.0,24737.21
2014-05-02,897.9,914.75,897.0,910.95,910.95,3080739.0,28016.83
2014-05-05,910.0,912.15,883.15,886.9,886.45,2261063.0,20258.86
2014-05-06,892.0,895.2,873.9,876.45,877.55,2190690.0,19293.1
2014-05-07,881.0,882.9,850.1,852.3,852.6,3008306.0,25919.91
2014-05-08,858.95,859.0,840.55,850.35,850.45,3293099.0,28003.82
2014-05-09,854.0,888.0,851.3,886.0,884.6,1817788.0,15944.59
2014-05-12,882.35,912.9,882.35,892.0,895.55,3127891.0,28175.51
2014-05-13,906.0,915.0,899.2,906.0,906.35,3641613.0,33124.77
2014-05-14,910.0,915.0,883.55,889.0,888.85,3586483.0,32080.4
2014-05-15,886.0,908.25,875.35,899.85,903.15,3532044.0,31399.16
2014-05-16,920.0,956.45,877.0,888.0,885.8,10749759.0,99234.67
2014-05-19,900.25,931.5,900.25,910.2,916.95,6677460.0,61227.56
2014-05-20,921.5,944.4,914.65,940.0,940.6,5681528.0,53102.91
2014-05-21,940.0,946.0,933.0,941.0,940.75,3680783.0,34606.7
2014-05-22,941.0,944.6,918.0,920.3,920.15,3194236.0,29629.09
2014-05-23,926.0,938.75,918.45,934.5,931.95,3675254.0,34173.0
2014-05-26,929.3,944.4,914.05,931.0,927.75,5260500.0,49212.19
2014-05-27,934.0,934.0,908.0,911.0,910.25,4937760.0,45338.72
2014-05-28,912.0,918.0,892.0,900.25,902.05,4571686.0,41345.62
2014-05-29,900.1,914.9,891.0,895.0,896.9,4963006.0,44715.5
2014-05-30,899.0,899.0,810.0,878.55,876.8,7232450.0,63400.15
2014-06-02,875.0,905.5,871.0,893.55,896.35,1865891.0,16739.72
2014-06-03,898.0,918.3,895.0,911.55,912.75,3408485.0,30933.31
2014-06-04,918.0,924.5,899.2,900.05,901.55,3371889.0,30687.44
2014-06-05,900.0,918.6,891.0,910.05,908.75,5395580.0,48801.42
2014-06-06,912.9,938.7,907.0,932.0,935.15,4653867.0,42953.94
2014-06-09,940.0,947.7,934.35,942.1,944.95,3580516.0,33744.45
2014-06-10,940.35,962.0,930.4,955.4,954.45,4912736.0,46533.21
2014-06-11,951.35,959.95,931.9,952.35,956.9,5079938.0,48115.62
2014-06-12,952.0,985.0,951.2,978.0,982.05,4444543.0,43253.81
2014-06-13,980.0,984.7,972.35,978.0,979.7,3800033.0,37188.02
2014-06-16,975.0,983.55,956.0,960.0,961.65,4451944.0,43091.7
2014-06-17,957.25,971.95,941.25,968.0,965.6,3822167.0,36317.31
2014-06-18,965.0,972.0,952.1,958.55,958.45,3381229.0,32494.85
2014-06-19,959.55,971.0,955.5,966.0,968.45,2781318.0,26802.81
2014-06-20,969.85,977.4,964.5,969.0,969.05,2451177.0,23774.43
2014-06-23,974.4,978.2,960.55,972.4,971.0,2587975.0,25007.74
2014-06-24,972.7,1000.0,972.0,994.25,996.1,3436833.0,34035.37
2014-06-25,998.9,1003.4,989.25,994.65,995.45,3759548.0,37548.97
2014-06-26,1000.0,1002.45,970.45,976.0,976.85,4804273.0,47067.17
2014-06-27,980.0,998.9,971.25,976.0,976.1,3307009.0,32358.62
2014-06-30,983.7,999.0,975.2,987.0,992.55,3290425.0,32478.6
2014-07-01,990.25,998.5,980.0,986.0,984.1,1511271.0,14916.99
2014-07-02,991.05,1011.35,989.0,1003.0,1007.8,1927692.0,19281.73
2014-07-03,1007.8,1017.15,1002.0,1006.8,1008.15,1757141.0,17724.45
2014-07-04,999.7,1016.65,994.1,1012.2,1013.1,1370680.0,13746.28
2014-07-07,1013.0,1024.4,1003.3,1019.45,1020.6,2756178.0,28027.49
2014-07-08,1017.2,1046.5,1016.6,1018.05,1022.2,3414343.0,35240.38
2014-07-09,1020.0,1030.6,1006.0,1013.0,1015.4,2427544.0,24720.17
2014-07-10,1013.0,1044.7,1002.7,1013.85,1022.85,2460496.0,25279.35
2014-07-11,1015.0,1018.0,981.0,989.0,989.65,2177647.0,21663.41
2014-07-14,988.2,1011.95,980.1,983.0,983.8,2076833.0,20671.48
2014-07-15,987.1,992.2,968.9,974.9,977.55,1496337.0,14647.82
2014-07-16,983.0,984.8,946.05,976.4,976.0,5803707.0,55917.81
2014-07-17,974.0,985.2,968.65,975.35,972.35,1224610.0,11963.79
2014-07-18,972.8,987.95,967.7,982.0,983.0,1728285.0,16935.41
2014-07-21,986.0,1015.7,986.0,1004.75,1010.3,2967232.0,29793.61
2014-07-22,1018.5,1044.7,1007.65,1039.2,1041.05,2794266.0,28831.02
2014-07-23,1040.0,1045.85,1030.05,1035.0,1037.05,2286827.0,23744.01
2014-07-24,1033.9,1040.25,1023.5,1036.5,1036.25,2219821.0,22921.31
2014-07-25,1045.0,1079.7,1040.0,1062.05,1067.75,4052214.0,42826.85
2014-07-28,1065.1,1073.85,1046.7,1061.2,1066.5,1735137.0,18347.2
2014-07-30,1066.15,1092.3,1055.55,1089.1,1087.55,3614271.0,38627.14
2014-07-31,1083.1,1085.0,1061.6,1064.9,1068.4,3912617.0,42026.84
2014-08-01,1059.0,1059.0,1035.2,1037.6,1039.65,3191220.0,33378.97
2014-08-04,1040.15,1048.2,1016.15,1030.2,1027.2,3447488.0,35298.62
2014-08-05,1027.2,1054.7,1010.0,1043.6,1045.45,2507633.0,25731.55
2014-08-06,1043.0,1061.0,1030.4,1032.9,1035.35,2547257.0,26599.12
2014-08-07,1025.0,1041.7,1020.7,1028.0,1026.85,1772201.0,18267.45
2014-08-08,1018.9,1029.8,1016.6,1026.5,1026.95,1463169.0,14975.42
2014-08-11,1032.25,1069.9,1030.15,1065.2,1063.2,2698375.0,28265.71
2014-08-12,1077.7,1121.9,1067.35,1119.6,1116.4,3812260.0,41786.04
2014-08-13,1121.0,1149.0,1106.5,1142.75,1144.1,6426655.0,72308.07
2014-08-14,1151.4,1151.4,1111.5,1123.95,1124.3,3955619.0,44377.77
2014-08-18,1119.9,1125.55,1107.55,1112.0,1112.55,1827672.0,20374.89
2014-08-19,1117.0,1124.0,1082.4,1084.85,1085.05,3108921.0,33944.59
2014-08-20,1094.0,1094.0,1064.55,1074.0,1072.4,2958191.0,31783.72
2014-08-21,1078.0,1080.0,1060.65,1063.15,1064.4,3515263.0,37511.69
2014-08-22,1065.1,1076.5,1042.15,1045.0,1044.6,3614598.0,38015.32
2014-08-25,1046.0,1064.4,1045.8,1054.6,1056.3,1443151.0,15282.98
2014-08-26,1056.0,1069.8,1054.0,1059.4,1061.95,2604117.0,27653.83
2014-08-27,1061.5,1075.7,1057.4,1068.2,1069.65,3233230.0,34512.58
2014-08-28,1068.5,1079.9,1063.9,1072.0,1074.5,3638090.0,39092.02
2014-09-01,1084.1,1084.1,1057.0,1059.25,1058.7,2199257.0,23511.87
2014-09-02,1059.0,1080.0,1059.0,1070.0,1066.25,2506164.0,26844.6
2014-09-03,1069.85,1074.85,1057.1,1061.0,1062.7,2505310.0,26710.71
2014-09-04,1066.0,1081.7,1057.7,1079.5,1080.2,2384438.0,25599.97
2014-09-05,1080.05,1081.4,1049.5,1057.65,1055.05,3252019.0,34446.93
2014-09-08,1064.7,1065.9,1046.6,1054.95,1051.65,2229615.0,23546.27
2014-09-09,1054.9,1057.35,1045.1,1048.5,1050.25,1725098.0,18122.35
2014-09-10,1050.0,1053.25,1032.2,1035.5,1035.05,2182023.0,22696.93
2014-09-11,1045.45,1049.75,1032.55,1039.0,1037.85,3049405.0,31796.97
2014-09-12,1041.0,1054.8,1038.45,1053.0,1050.3,1810713.0,18942.09
2014-09-15,1050.0,1050.0,1026.7,1033.9,1034.1,1814730.0,18769.2
2014-09-16,1026.5,1040.7,1012.75,1016.5,1017.8,2644331.0,27149.3
2014-09-17,1019.0,1033.8,1013.0,1018.4,1018.4,2922108.0,29873.17
2014-09-18,1012.15,1056.0,1010.65,1054.0,1053.05,3341891.0,34755.87
2014-09-19,1053.8,1074.0,1048.65,1058.1,1066.25,5966478.0,63322.7
2014-09-22,1056.5,1083.05,1054.8,1076.95,1079.15,1599003.0,17083.1
2014-09-23,1076.85,1084.0,1060.0,1061.8,1066.15,2035289.0,21735.0
2014-09-24,1064.3,1066.25,1041.55,1054.0,1054.7,2800306.0,29535.93
2014-09-25,1052.5,1067.25,1046.7,1060.0,1056.7,3556326.0,37460.61
2014-09-26,1046.6,1057.7,1023.25,1039.0,1038.2,3125255.0,32426.07
2014-09-29,1038.2,1046.5,1025.0,1035.0,1031.15,1210491.0,12516.3
2014-09-30,1031.15,1062.9,1030.2,1053.5,1055.25,2920034.0,30715.88
2014-10-01,1050.0,1058.0,1040.0,1048.05,1050.35,1439615.0,15102.47
2014-10-07,1045.0,1047.0,1015.15,1017.85,1017.8,2317225.0,23730.47
2014-10-08,1016.1,1025.65,1006.85,1012.5,1014.65,1956573.0,19890.55
2014-10-09,1025.0,1045.15,1020.0,1038.0,1042.65,1252118.0,12998.66
2014-10-10,1035.0,1040.65,1003.35,1007.0,1006.4,1344101.0,13621.8
2014-10-13,1002.0,1023.7,996.95,1019.0,1017.8,1076136.0,10877.73
2014-10-14,1023.2,1026.2,1000.1,1004.45,1004.05,2043358.0,20546.58
2014-10-16,1000.95,1008.8,975.0,977.3,981.3,3547187.0,35288.37
2014-10-17,983.0,1006.1,978.35,997.0,997.15,2915892.0,28969.93
2014-10-20,1011.0,1034.0,1007.6,1020.1,1020.1,2152613.0,22001.64
2014-10-21,1022.85,1026.7,1006.75,1022.0,1021.0,2074203.0,21093.57
2014-10-22,1027.9,1035.15,1017.3,1031.0,1030.75,2441333.0,25020.58
2014-10-23,1034.9,1035.35,1027.25,1034.0,1031.55,108476.0,1118.78
2014-10-27,1040.0,1066.4,1032.6,1038.5,1036.75,2511008.0,26278.74
2014-10-28,1040.0,1054.05,1039.4,1050.1,1049.65,2465451.0,25860.36
2014-10-29,1053.5,1057.05,1037.95,1047.6,1048.6,1995790.0,20906.88
2014-10-30,1045.0,1069.85,1044.25,1060.0,1064.7,2837530.0,30082.62
2014-10-31,1066.8,1110.0,1066.0,1101.6,1105.9,3223522.0,35371.66
2014-11-03,1108.2,1125.0,1096.5,1120.0,1120.5,2021290.0,22427.96
2014-11-05,1125.75,1126.9,1093.1,1094.0,1100.55,3718975.0,41294.83
2014-11-07,1101.0,1106.3,1086.6,1104.0,1099.75,1961000.0,21518.89
2014-11-10,1095.25,1117.0,1095.2,1114.1,1113.7,1363710.0,15094.04
2014-11-11,1111.95,1133.6,1110.5,1127.0,1127.55,2754901.0,30892.76
2014-11-12,1130.0,1149.5,1128.0,1135.0,1142.7,1804098.0,20576.66
2014-11-13,1145.0,1145.75,1120.7,1125.6,1129.05,1391689.0,15729.48
2014-11-14,1134.4,1134.4,1103.95,1125.0,1126.85,1276274.0,14292.36
2014-11-17,1129.9,1138.2,1100.1,1129.7,1129.9,2004892.0,22353.77
2014-11-18,1134.0,1134.0,1101.0,1105.25,1105.65,2103196.0,23335.15
2014-11-19,1106.0,1123.4,1101.25,1115.6,1117.2,2176314.0,24188.31
2014-11-20,1115.6,1127.85,1103.7,1125.0,1122.35,1535144.0,17106.13
2014-11-21,1121.05,1139.4,1119.8,1130.1,1134.4,1627570.0,18386.0
2014-11-24,1131.0,1146.0,1118.65,1133.35,1136.7,2473098.0,28003.62
2014-11-25,1132.3,1156.7,1126.4,1149.0,1146.45,3807448.0,43676.38
2014-11-26,1151.4,1162.8,1126.4,1158.0,1158.45,2217395.0,25473.69
2014-11-27,1152.5,1164.15,1142.0,1152.9,1152.6,2374923.0,27341.13
2014-11-28,1155.0,1177.8,1153.9,1156.0,1160.65,2580558.0,30051.34
2014-12-01,1161.1,1166.1,1134.35,1135.8,1137.55,2604026.0,29855.78
2014-12-02,1136.1,1137.5,1111.7,1121.0,1125.1,1735746.0,19526.68
2014-12-03,1122.5,1130.95,1099.5,1104.7,1104.6,2620306.0,29058.87
2014-12-04,1110.0,1116.65,1090.0,1113.0,1113.0,2063649.0,22723.25
2014-12-05,1120.0,1122.65,1109.7,1114.9,1114.85,1693044.0,18878.15
2014-12-08,1120.0,1128.8,1104.35,1106.0,1107.6,1440243.0,16070.9
2014-12-09,1108.0,1119.45,1082.6,1100.0,1103.2,2008922.0,22217.62
2014-12-10,1109.25,1112.35,1085.3,1100.0,1100.05,2357400.0,25960.64
2014-12-11,1102.0,1109.85,1087.6,1091.5,1092.6,2835509.0,31197.53
2014-12-12,1088.25,1102.25,1061.75,1075.9,1069.5,1987564.0,21477.29
2014-12-15,1061.0,1129.9,1060.1,1125.75,1124.3,2542994.0,28259.38
2014-12-16,1125.7,1125.7,1082.85,1090.6,1086.85,2712191.0,29690.12
2014-12-17,1088.0,1106.3,1080.0,1082.45,1088.95,2799779.0,30671.19
2014-12-18,1102.5,1104.4,1076.0,1094.0,1098.2,2026732.0,22119.69
2014-12-19,1108.75,1120.0,1100.0,1109.65,1114.95,2933314.0,32684.49
2014-12-22,1120.0,1150.6,1112.7,1145.9,1146.3,1917158.0,21712.11
2014-12-23,1150.0,1165.9,1120.8,1124.1,1124.35,2425339.0,27687.22
2014-12-24,1127.0,1133.5,1092.2,1101.0,1099.85,4491004.0,49601.3
2014-12-26,1108.8,1119.9,1097.5,1115.3,1116.15,1127180.0,12492.86
2014-12-29,1118.35,1130.0,1116.25,1122.8,1124.1,841728.0,9456.81
2014-12-30,1120.0,1134.9,1117.2,1132.5,1129.4,984892.0,11084.56
2014-12-31,1135.15,1140.75,1121.2,1132.95,1135.9,1461808.0,16556.85
2015-01-01,1130.0,1131.15,1120.1,1125.9,1124.0,401576.0,4514.65
2015-01-02,1127.3,1176.95,1125.35,1171.05,1171.9,2019816.0,23428.45
2015-01-05,1168.8,1175.0,1150.4,1154.95,1156.4,2219458.0,25728.8
2015-01-06,1148.6,1148.6,1096.1,1098.0,1101.95,2531748.0,28301.0
2015-01-07,1097.5,1114.15,1095.0,1097.65,1099.25,2406880.0,26609.92
2015-01-08,1114.0,1128.5,1110.0,1122.15,1123.35,1675711.0,18746.0
2015-01-09,1127.0,1135.95,1103.4,1110.0,1113.3,1125756.0,12605.7
2015-01-12,1114.35,1135.0,1098.4,1129.15,1128.55,1483952.0,16533.91
2015-01-13,1134.4,1137.3,1113.6,1123.1,1122.2,1460452.0,16482.46
2015-01-14,1128.7,1136.85,1112.6,1120.9,1120.3,1407126.0,15818.0
2015-01-15,1145.05,1210.9,1144.7,1194.0,1202.55,3691695.0,43581.44
2015-01-16,1207.5,1209.0,1191.0,1198.0,1194.55,3113114.0,37270.39
2015-01-19,1198.0,1204.65,1178.15,1181.0,1181.7,964317.0,11440.48
2015-01-20,1185.1,1257.75,1181.05,1250.0,1251.55,4307951.0,53234.86
2015-01-21,1259.0,1297.4,1252.25,1289.05,1287.2,4571279.0,58641.01
2015-01-22,1287.0,1294.85,1272.0,1280.0,1279.65,2899200.0,37107.63
2015-01-23,1288.7,1340.95,1280.2,1281.6,1290.1,4046463.0,52788.17
2015-01-27,1303.9,1320.0,1288.55,1312.1,1315.85,4368011.0,57187.54
2015-01-28,1323.95,1361.85,1300.7,1345.0,1344.6,5446676.0,72718.28
2015-01-29,1338.15,1343.9,1295.4,1310.0,1315.55,5914732.0,77754.22
2015-01-30,1328.4,1333.0,1257.75,1276.0,1262.5,3825989.0,48747.08
2015-02-02,1262.5,1284.5,1243.6,1264.3,1269.3,3229041.0,40708.29
2015-02-03,1262.5,1272.0,1225.9,1233.85,1230.15,2595433.0,32246.75
2015-02-04,1231.05,1252.0,1221.1,1230.0,1232.45,3263264.0,40539.97
2015-02-05,1236.9,1292.0,1208.15,1243.85,1246.45,3349987.0,42169.64
2015-02-06,1245.0,1289.8,1244.3,1282.9,1280.55,2615151.0,33356.22
2015-02-09,1267.0,1279.25,1245.55,1267.65,1271.95,1258970.0,15898.81
2015-02-10,1254.1,1293.0,1232.3,1241.45,1246.15,2521026.0,31735.63
2015-02-11,1248.9,1267.7,1242.25,1249.0,1245.8,1857361.0,23284.72
2015-02-12,1254.95,1260.0,1240.4,1254.95,1253.25,2251920.0,28132.4
2015-02-13,1253.9,1275.0,1243.65,1267.0,1268.65,2844615.0,35806.27
2015-02-16,1282.5,1300.0,1267.0,1288.7,1288.0,2215683.0,28468.02
2015-02-18,1295.0,1335.0,1291.75,1323.35,1328.6,3780032.0,50029.89
2015-02-19,1330.0,1357.35,1323.55,1347.0,1353.45,3724612.0,49959.4
2015-02-20,1350.0,1353.45,1325.0,1330.0,1333.15,1991120.0,26590.65
2015-02-23,1333.15,1338.7,1306.8,1311.0,1311.25,2775485.0,36666.76
2015-02-24,1311.9,1321.95,1296.75,1309.0,1310.4,2512512.0,32860.88
2015-02-25,1311.0,1349.55,1311.0,1341.9,1340.55,2729990.0,36539.9
2015-02-26,1348.0,1374.2,1336.2,1349.65,1345.7,3132313.0,42428.24
2015-02-27,1354.9,1368.75,1335.6,1350.6,1347.4,4151270.0,55946.58
2015-02-28,1361.45,1380.0,1310.15,1341.2,1335.15,2254780.0,30294.91
2015-03-02,1342.1,1370.0,1319.0,1340.0,1339.95,4429084.0,59210.8
2015-03-03,1341.0,1373.0,1341.0,1369.65,1368.05,2482102.0,33727.06
2015-03-04,1390.0,1402.3,1355.5,1372.0,1367.7,3801103.0,52699.9
2015-03-05,1367.7,1402.15,1366.4,1393.0,1394.8,4689288.0,64756.98
2015-03-09,1397.5,1397.5,1351.8,1362.0,1368.35,3448632.0,47101.44
2015-03-10,1365.1,1365.15,1307.15,1318.8,1312.4,5116630.0,67755.98
2015-03-11,1320.8,1338.5,1310.35,1323.25,1322.75,3331122.0,44062.03
2015-03-12,1332.9,1343.45,1316.35,1331.4,1332.85,3304209.0,43848.54
2015-03-13,1351.0,1368.0,1322.0,1328.0,1328.05,4002153.0,53717.61
2015-03-16,1327.0,1327.0,1293.6,1309.5,1305.7,3706369.0,48373.31
2015-03-17,1311.9,1347.65,1307.1,1335.85,1339.45,2149304.0,28578.95
2015-03-18,1340.9,1343.65,1315.0,1325.0,1322.05,2027482.0,26880.65
2015-03-19,1336.0,1354.6,1317.4,1332.0,1327.7,5042473.0,67267.34
2015-03-20,1324.0,1343.85,1308.0,1335.0,1338.45,3871319.0,51640.86
2015-03-23,1332.2,1348.9,1327.5,1345.0,1345.7,1772832.0,23740.84
2015-03-24,1337.55,1386.75,1337.25,1365.0,1358.85,4545753.0,62123.74
2015-03-25,1362.0,1380.95,1342.2,1342.55,1354.55,3628829.0,49653.56
2015-03-26,1339.3,1339.3,1273.0,1298.9,1283.7,6239936.0,80855.72
2015-03-27,1290.65,1299.0,1257.45,1264.0,1262.7,3115046.0,39530.3
2015-03-30,1274.9,1308.9,1271.15,1306.5,1306.2,2242522.0,29046.0
2015-03-31,1314.0,1322.95,1297.75,1316.0,1315.7,2877703.0,37754.12
2015-04-01,1318.95,1341.9,1305.5,1339.95,1337.05,1492126.0,19745.14
2015-04-06,1354.15,1354.15,1303.3,1328.0,1330.6,2076100.0,27441.69
2015-04-07,1332.65,1341.75,1312.55,1329.0,1328.7,1946193.0,25812.49
2015-04-08,1330.25,1335.3,1297.1,1300.0,1299.7,2589418.0,33867.86
2015-04-09,1309.9,1316.55,1286.5,1307.45,1303.05,3333998.0,43344.92
2015-04-10,1304.7,1308.65,1282.95,1289.0,1290.35,2003341.0,25864.9
2015-04-13,1299.9,1312.0,1291.2,1301.85,1305.25,2030711.0,26488.03
2015-04-15,1313.0,1313.5,1279.6,1294.3,1290.45,2830551.0,36585.9
2015-04-16,1294.8,1310.0,1281.1,1304.0,1306.8,3456440.0,44730.18
2015-04-17,1306.7,1315.95,1297.2,1297.2,1306.7,2204849.0,28829.64
2015-04-20,1295.0,1305.75,1256.2,1256.75,1268.65,2966624.0,38180.32
2015-04-21,1266.65,1276.8,1243.3,1258.15,1258.15,2954400.0,37202.02
2015-04-22,1261.1,1285.0,1258.0,1273.2,1277.2,2774253.0,35287.34
2015-04-23,1283.0,1297.65,1267.0,1272.5,1276.05,3429256.0,43794.61
2015-04-24,1271.0,1275.0,1234.1,1251.5,1245.15,1693928.0,21097.84
2015-04-27,1251.9,1255.0,1196.65,1210.6,1211.75,3816253.0,46403.84
2015-04-28,1214.0,1236.4,1188.6,1228.75,1228.25,3962095.0,47718.57
2015-04-29,1225.0,1237.0,1191.1,1197.65,1201.15,4661402.0,56248.34
2015-04-30,1199.3,1200.0,1160.1,1180.0,1170.0,7207702.0,84416.87
2015-05-04,1179.9,1205.75,1173.45,1202.5,1202.2,4151853.0,49595.63
2015-05-05,1197.0,1201.8,1178.1,1178.65,1180.35,2910239.0,34565.77
2015-05-06,1179.95,1179.95,1151.2,1164.0,1163.6,5476440.0,63686.49
2015-05-07,1161.65,1172.85,1147.0,1150.0,1154.25,3674392.0,42662.63
2015-05-08,1167.45,1200.0,1160.6,1188.8,1185.35,3665418.0,43425.9
2015-05-11,1195.0,1230.55,1191.6,1223.0,1226.1,3535741.0,43030.51
2015-05-12,1223.0,1223.0,1184.45,1189.0,1191.35,3890498.0,46454.9
2015-05-13,1195.5,1228.7,1187.85,1220.0,1219.4,2388304.0,28906.41
2015-05-14,1224.4,1224.4,1192.0,1207.0,1209.7,1592211.0,19193.91
2015-05-15,1215.0,1236.45,1205.75,1231.25,1234.3,1926050.0,23639.75
2015-05-18,1234.0,1271.0,1227.0,1268.25,1264.3,1779600.0,22212.35
2015-05-19,1258.0,1264.2,1232.25,1236.05,1240.55,1645261.0,20479.59
2015-05-20,1245.0,1273.4,1242.3,1267.0,1270.05,1538286.0,19377.51
2015-05-21,1266.2,1273.4,1245.25,1255.0,1255.95,1869513.0,23509.03
2015-05-22,1256.4,1292.95,1252.1,1287.0,1288.05,1816951.0,23203.65
2015-05-25,1280.0,1288.0,1250.0,1254.95,1252.65,1035874.0,13099.04
2015-05-26,1252.1,1260.0,1233.45,1244.95,1240.45,1157981.0,14417.72
2015-05-27,1231.0,1245.0,1229.0,1239.4,1239.9,2128114.0,26334.17
2015-05-28,1242.0,1249.3,1206.55,1223.0,1229.25,3185460.0,38957.76
2015-05-29,1229.0,1248.0,1218.75,1234.05,1236.05,8462128.0,104550.69
2015-06-01,1236.1,1255.0,1236.1,1245.0,1247.75,1565269.0,19514.06
2015-06-02,1247.0,1250.1,1197.05,1204.6,1203.1,2840010.0,34408.08
2015-06-03,1202.55,1217.85,1194.0,1203.25,1202.85,1669000.0,20092.85
2015-06-04,1209.2,1225.0,1190.0,1223.95,1216.0,1559731.0,18785.74
2015-06-05,1213.0,1217.0,1193.8,1197.1,1201.35,1562369.0,18832.64
2015-06-08,1202.0,1205.0,1171.0,1177.5,1176.75,1709199.0,20167.06
2015-06-09,1179.5,1196.0,1176.65,1188.2,1188.8,1405906.0,16708.92
2015-06-10,1182.1,1205.0,1182.1,1192.6,1190.55,1909498.0,22783.92
2015-06-11,1198.0,1200.0,1157.95,1161.0,1164.3,2885206.0,33922.02
2015-06-12,1156.0,1194.9,1156.0,1190.05,1190.4,2189916.0,25929.94
2015-06-15,1189.9,1218.0,1183.35,1210.75,1214.55,2625930.0,31696.88
2015-06-16,1210.3,1213.95,1180.25,1205.45,1199.05,1624342.0,19358.67
2015-06-17,1208.0,1217.9,1196.3,1197.75,1200.9,2468727.0,29785.76
2015-06-18,1201.0,1219.6,1200.0,1212.4,1213.3,2158585.0,26147.76
2015-06-19,1222.9,1247.55,1219.0,1237.05,1236.85,3996806.0,49459.14
2015-06-22,1240.0,1274.5,1238.1,1270.0,1271.55,1686424.0,21291.75
2015-06-23,1272.8,1288.7,1260.25,1281.3,1285.2,2574782.0,32819.99
2015-06-24,1283.5,1294.85,1265.7,1277.0,1283.9,3659720.0,46887.05
2015-06-25,1278.2,1314.0,1273.75,1311.55,1308.85,3542983.0,46222.98
2015-06-26,1305.0,1310.0,1275.2,1289.5,1287.85,2363289.0,30405.64
2015-06-29,1265.5,1293.4,1260.0,1290.0,1285.5,1926719.0,24570.29
2015-06-30,1289.9,1302.85,1278.25,1298.0,1296.45,3046510.0,39402.71
2015-07-01,1296.0,1302.95,1287.75,1293.55,1292.7,2734800.0,35386.16
2015-07-02,1293.55,1297.9,1280.3,1288.2,1285.2,2411326.0,31054.88
2015-07-03,1286.9,1323.0,1278.5,1317.2,1316.05,2442597.0,31895.03
2015-07-06,1304.2,1321.25,1298.75,1316.25,1317.6,1300415.0,17043.77
2015-07-07,1324.0,1347.4,1320.0,1335.2,1337.3,2026043.0,27126.04
2015-07-08,1324.85,1332.25,1285.1,1287.55,1290.05,3407908.0,44361.68
2015-07-09,1291.1,1299.1,1281.85,1284.5,1285.3,1370979.0,17686.33
2015-07-10,1287.8,1294.3,1278.9,1281.0,1283.35,2821543.0,36253.19
2015-07-13,1298.0,1327.0,1282.05,1320.05,1323.75,2793035.0,36402.73
2015-07-14,1322.6,1322.95,1309.1,1316.9,1318.4,1150810.0,15139.24
2015-07-15,1316.75,1343.95,1311.5,1337.8,1340.15,1928257.0,25712.38
2015-07-16,1342.0,1372.4,1342.0,1358.6,1359.7,2199590.0,29909.57
2015-07-17,1359.9,1359.9,1323.7,1327.95,1326.65,1981172.0,26417.53
2015-07-20,1332.65,1333.4,1303.0,1316.85,1315.35,2306364.0,30278.93
2015-07-21,1315.35,1329.35,1306.15,1310.95,1311.6,2360671.0,31199.16
2015-07-22,1306.0,1349.95,1303.35,1344.0,1345.75,1081532.0,14471.27
2015-07-23,1349.9,1357.45,1341.5,1350.75,1350.55,1642862.0,22176.9
2015-07-24,1355.0,1365.0,1336.65,1356.0,1358.75,1915369.0,26017.33
2015-07-27,1353.45,1359.15,1329.8,1335.0,1336.0,2164764.0,29071.45
2015-07-28,1332.0,1337.0,1298.65,1300.0,1304.4,3844471.0,50650.9
2015-07-29,1310.0,1332.0,1305.0,1320.4,1312.05,1996159.0,26334.25
2015-07-30,1327.0,1352.0,1323.35,1333.0,1335.8,3233875.0,43317.13
2015-07-31,1334.7,1350.0,1329.9,1337.0,1340.4,2843990.0,38157.81
2015-08-03,1331.2,1350.5,1315.65,1325.0,1324.35,2473182.0,32937.87
2015-08-04,1324.4,1331.1,1299.7,1304.55,1302.45,2421674.0,31721.16
2015-08-05,1307.4,1319.95,1300.0,1301.9,1302.45,1916199.0,25080.75
2015-08-06,1304.25,1313.4,1289.0,1307.0,1303.85,2429289.0,31654.22
2015-08-07,1306.3,1315.0,1295.6,1298.95,1298.45,1641394.0,21340.32
2015-08-10,1305.95,1333.4,1298.1,1298.1,1305.5,1534353.0,20197.1
2015-08-11,1306.75,1306.95,1284.0,1287.1,1290.65,2196313.0,28432.34
2015-08-12,1284.5,1284.5,1257.75,1263.75,1261.95,1596340.0,20298.46
2015-08-13,1261.95,1273.0,1250.1,1261.35,1256.95,2627973.0,33150.38
2015-08-14,1268.25,1306.9,1258.75,1299.35,1299.95,2309630.0,29758.32
2015-08-17,1300.0,1306.2,1271.8,1279.5,1279.6,1117732.0,14340.36
2015-08-18,1280.5,1285.75,1263.4,1265.5,1266.1,1425177.0,18105.01
2015-08-19,1259.0,1264.85,1248.7,1256.95,1256.3,2263710.0,28414.88
2015-08-20,1258.0,1266.9,1246.0,1253.8,1249.9,2591779.0,32489.36
2015-08-21,1238.0,1239.0,1214.0,1224.0,1228.35,2820891.0,34505.55
2015-08-24,1194.3,1195.0,1155.85,1159.8,1167.75,4955839.0,58154.59
2015-08-25,1177.3,1187.05,1136.1,1150.0,1145.55,5830034.0,67012.08
2015-08-26,1145.0,1158.15,1093.2,1108.95,1102.35,8008888.0,90071.36
2015-08-27,1120.0,1204.2,1120.0,1197.8,1193.9,9119089.0,107143.94
2015-08-28,1201.45,1215.7,1179.1,1201.0,1201.9,3103897.0,37284.59
2015-08-31,1204.0,1213.8,1176.55,1185.05,1186.15,3482922.0,41465.21
2015-09-01,1175.0,1176.35,1146.0,1158.7,1157.4,2672450.0,30921.08
2015-09-02,1175.0,1179.0,1110.1,1129.9,1123.15,6095077.0,69276.17
2015-09-03,1139.0,1176.35,1125.85,1172.0,1172.05,3026650.0,35112.23
2015-09-04,1161.0,1163.95,1131.55,1143.3,1141.6,2511258.0,28692.98
2015-09-07,1145.0,1176.6,1137.05,1152.95,1155.05,2977414.0,34638.27
2015-09-08,1158.0,1180.0,1151.15,1174.0,1171.05,2558799.0,29843.81
2015-09-09,1183.5,1203.4,1178.5,1180.0,1186.65,2732329.0,32624.24
2015-09-10,1167.55,1174.9,1149.5,1174.9,1162.75,2039371.0,23663.83
2015-09-11,1175.0,1186.0,1170.25,1176.65,1176.35,2011360.0,23687.66
2015-09-14,1177.35,1188.5,1163.7,1181.0,1184.7,1505450.0,17735.52
2015-09-15,1176.65,1184.45,1165.45,1178.6,1179.85,1839713.0,21655.68
2015-09-16,1189.9,1200.0,1184.0,1191.65,1196.35,1981532.0,23667.56
2015-09-18,1217.0,1235.75,1195.1,1197.0,1207.05,4775438.0,57935.6
2015-09-21,1187.8,1209.7,1185.5,1208.95,1207.3,1318331.0,15788.48
2015-09-22,1217.0,1217.0,1163.1,1166.05,1168.6,2102372.0,24940.69
2015-09-23,1155.0,1173.4,1144.25,1167.95,1165.95,2474928.0,28689.36
2015-09-24,1165.0,1184.4,1151.0,1181.0,1181.85,2492993.0,29241.96
2015-09-28,1180.0,1189.0,1163.45,1173.5,1172.15,1479204.0,17387.14
2015-09-29,1164.4,1230.95,1152.5,1208.3,1216.8,4094857.0,49276.05
2015-09-30,1244.0,1244.0,1200.75,1212.0,1212.75,4753919.0,57746.96
2015-10-01,1232.8,1232.8,1192.1,1196.0,1196.6,3065028.0,36910.39
2015-10-05,1210.0,1262.7,1205.25,1256.5,1256.95,3654176.0,45491.93
2015-10-06,1268.0,1271.0,1238.35,1261.0,1265.2,3144090.0,39466.39
2015-10-07,1258.0,1280.0,1258.0,1275.0,1277.45,1507689.0,19175.53
2015-10-08,1278.5,1279.8,1258.45,1277.0,1278.1,1314118.0,16685.77
2015-10-09,1286.0,1299.0,1275.4,1283.35,1291.7,2002920.0,25811.11
2015-10-12,1292.0,1295.35,1261.95,1272.0,1270.25,1610929.0,20514.03
2015-10-13,1270.0,1282.5,1263.2,1278.8,1278.7,1768441.0,22531.41
2015-10-14,1273.65,1297.0,1273.65,1293.95,1294.15,1170630.0,15084.26
2015-10-15,1295.3,1305.0,1288.15,1290.6,1294.7,1243950.0,16159.85
2015-10-16,1295.0,1315.8,1283.6,1314.5,1311.6,1781314.0,23121.1
2015-10-19,1320.0,1322.0,1302.45,1313.2,1315.35,2824598.0,37076.89
2015-10-20,1311.1,1316.4,1302.65,1310.6,1312.5,2544760.0,33322.48
2015-10-21,1307.1,1320.0,1305.65,1320.0,1315.75,1040974.0,13665.52
2015-10-23,1325.0,1344.0,1320.05,1342.9,1337.9,2128869.0,28408.36
2015-10-26,1347.5,1350.0,1303.4,1306.75,1312.7,4866457.0,64811.75
2015-10-27,1304.9,1304.9,1271.8,1277.15,1275.1,4779913.0,61094.17
2015-10-28,1275.0,1284.55,1255.45,1269.55,1266.6,2978759.0,37740.23
2015-10-29,1266.0,1285.65,1258.55,1264.6,1264.65,3915267.0,49665.68
2015-10-30,1266.1,1273.55,1246.45,1255.4,1256.85,2116210.0,26649.75
2015-11-02,1252.0,1267.0,1213.0,1226.4,1221.05,3337082.0,41082.1
2015-11-03,1230.0,1233.35,1215.0,1216.6,1221.4,2624731.0,32143.35
2015-11-04,1228.75,1236.0,1215.0,1216.0,1220.15,1258178.0,15429.45
2015-11-05,1220.0,1224.8,1200.55,1204.0,1205.85,2416892.0,29284.44
2015-11-06,1207.2,1224.5,1202.25,1208.15,1205.4,1645873.0,19946.93
2015-11-09,1180.0,1203.3,1177.65,1187.35,1190.75,3374264.0,40126.71
2015-11-10,1184.2,1185.7,1168.55,1171.5,1171.35,1260441.0,14827.79
2015-11-11,1178.3,1182.7,1175.1,1176.95,1177.4,200641.0,2364.08
2015-11-13,1178.65,1181.25,1157.55,1178.0,1178.75,1892688.0,22182.79
2015-11-16,1170.1,1189.95,1157.8,1178.1,1178.4,2208132.0,25958.73
2015-11-17,1190.2,1203.95,1184.0,1200.0,1200.75,1926695.0,23002.14
2015-11-18,1199.0,1202.5,1176.0,1177.1,1178.7,1823920.0,21715.29
2015-11-19,1187.25,1217.0,1184.5,1213.1,1214.2,2607107.0,31350.25
2015-11-20,1216.0,1222.2,1200.0,1205.0,1205.75,2659599.0,32184.31
2015-11-23,1210.0,1211.0,1184.1,1192.2,1191.15,2241804.0,26764.9
2015-11-24,1191.15,1224.5,1189.65,1221.65,1218.95,3758223.0,45648.59
2015-11-26,1222.0,1231.95,1216.0,1224.0,1222.65,2264979.0,27710.86
2015-11-27,1225.1,1242.15,1215.8,1230.15,1230.6,1851264.0,22814.81
2015-11-30,1223.5,1229.4,1204.35,1218.5,1211.2,6102193.0,73991.57
2015-12-01,1218.95,1228.15,1213.55,1227.0,1224.7,2065617.0,25224.34
2015-12-02,1221.3,1233.3,1206.1,1211.0,1211.75,1513305.0,18422.27
2015-12-03,1207.35,1208.9,1198.05,1200.0,1200.2,1577703.0,18959.31
2015-12-04,1190.0,1192.65,1169.5,1173.85,1171.6,2898773.0,34120.32
2015-12-07,1176.3,1187.9,1175.05,1185.0,1184.6,2494804.0,29512.43
2015-12-08,1178.9,1178.9,1169.5,1172.45,1171.55,2988127.0,35002.79
2015-12-09,1166.25,1170.4,1150.0,1156.0,1153.25,1705547.0,19767.42
2015-12-10,1155.0,1185.0,1154.0,1182.8,1182.3,2489849.0,29239.02
2015-12-11,1185.0,1188.0,1162.2,1175.0,1174.75,2219575.0,26078.71
2015-12-14,1156.05,1195.0,1156.05,1195.0,1188.05,2052379.0,24205.53
2015-12-15,1184.35,1209.5,1180.8,1200.0,1206.55,2628140.0,31366.46
2015-12-16,1211.0,1222.8,1209.2,1217.0,1219.3,1910248.0,23267.25
2015-12-17,1220.0,1243.85,1209.5,1238.05,1240.95,1921688.0,23587.45
2015-12-18,1247.9,1247.9,1220.55,1224.4,1224.85,2755208.0,33845.21
2015-12-21,1218.2,1240.0,1218.2,1232.0,1232.35,2178186.0,26803.81
2015-12-22,1233.7,1237.0,1221.5,1228.0,1228.25,1549227.0,19056.93
2015-12-23,1233.0,1242.0,1231.5,1236.05,1239.2,1327248.0,16443.45
2015-12-24,1243.0,1245.0,1225.4,1229.5,1229.55,391634.0,4821.98
2015-12-28,1229.55,1239.0,1220.2,1228.8,1227.65,1658317.0,20350.7
2015-12-29,1226.55,1239.9,1225.6,1235.7,1234.3,1716336.0,21151.9
2015-12-30,1240.0,1244.9,1230.65,1231.55,1233.7,1443470.0,17860.91
2015-12-31,1233.9,1274.7,1233.9,1263.5,1263.75,3215917.0,40437.06
2016-01-01,1261.0,1266.9,1250.65,1257.8,1258.45,676161.0,8508.75
2016-01-04,1250.0,1253.9,1212.05,1217.15,1216.7,1995329.0,24493.71
2016-01-05,1229.9,1233.45,1206.5,1208.15,1209.4,2325929.0,28364.64
2016-01-06,1209.6,1220.75,1202.4,1207.55,1209.3,2746330.0,33252.86
2016-01-07,1198.85,1203.55,1175.0,1176.35,1179.45,1780298.0,21120.55
2016-01-08,1189.85,1230.0,1169.0,1176.45,1174.4,2467149.0,29004.23
2016-01-11,1165.0,1171.0,1150.1,1162.35,1161.55,2288312.0,26505.97
2016-01-12,1169.4,1169.4,1146.05,1149.0,1151.85,1942208.0,22392.46
2016-01-13,1157.0,1173.65,1145.35,1166.0,1167.65,1830178.0,21182.48
2016-01-14,1154.9,1167.0,1147.15,1162.0,1159.3,3250397.0,37661.94
2016-01-15,1160.7,1167.3,1143.15,1148.0,1149.8,1890878.0,21844.87
2016-01-18,1140.0,1157.7,1125.1,1127.95,1131.8,2262744.0,25776.91
2016-01-19,1132.9,1157.15,1130.9,1151.0,1153.0,1418630.0,16267.95
2016-01-20,1140.25,1198.1,1129.15,1138.0,1136.65,2585069.0,29370.93
2016-01-21,1147.05,1147.7,1121.15,1132.0,1131.1,5451792.0,61679.28
2016-01-22,1140.0,1163.2,1135.2,1159.0,1158.45,2741456.0,31647.13
2016-01-25,1165.0,1183.4,1155.0,1175.0,1174.6,2457396.0,28891.13
2016-01-27,1176.4,1188.45,1162.0,1162.5,1169.95,2496568.0,29358.18
2016-01-28,1150.0,1159.65,1138.0,1151.5,1147.75,4077193.0,46886.53
2016-01-29,1147.75,1187.75,1145.05,1177.0,1180.0,3136336.0,36872.45
2016-02-01,1182.4,1193.95,1170.6,1178.15,1180.05,2136935.0,25273.39
2016-02-02,1177.6,1192.85,1166.5,1180.6,1179.8,2338231.0,27633.59
2016-02-03,1174.4,1180.85,1158.4,1161.8,1160.95,2896768.0,33827.22
2016-02-04,1165.25,1177.0,1163.3,1168.0,1168.35,1622222.0,18996.25
2016-02-05,1169.0,1186.1,1169.0,1183.6,1182.95,1168106.0,13808.51
2016-02-08,1185.2,1186.0,1158.05,1160.0,1164.1,1497068.0,17545.17
2016-02-09,1151.1,1168.65,1140.3,1158.0,1159.9,1662393.0,19137.97
2016-02-10,1155.0,1156.75,1110.5,1118.8,1116.55,2964666.0,33458.92
2016-02-11,1110.3,1115.1,1058.05,1070.0,1066.65,3006630.0,32828.04
2016-02-12,1079.0,1097.1,1067.2,1083.65,1083.75,3490711.0,37863.01
2016-02-15,1093.4,1102.0,1076.0,1082.0,1080.45,4217676.0,45890.54
2016-02-16,1084.5,1090.45,1063.9,1079.0,1077.15,3312107.0,35574.78
2016-02-17,1078.0,1085.4,1060.15,1079.85,1076.3,2237100.0,24036.29
2016-02-18,1086.85,1086.85,1062.7,1065.75,1069.1,3891721.0,41648.5
2016-02-19,1065.0,1065.4,1046.2,1059.65,1060.85,2939450.0,31044.88
2016-02-22,1051.0,1063.75,1047.85,1058.8,1058.4,3374621.0,35747.2
2016-02-23,1062.0,1062.0,1040.0,1048.7,1051.1,3253934.0,34165.18
2016-02-24,1050.8,1050.8,1018.55,1023.05,1022.1,4731925.0,48833.65
2016-02-25,1022.0,1049.5,1011.45,1042.0,1042.65,6122303.0,63323.8
2016-02-26,1056.7,1059.0,1048.35,1054.0,1053.7,4862409.0,51229.1
2016-02-29,1056.0,1078.5,1022.05,1064.75,1060.3,5507689.0,58283.63
2016-03-01,1072.0,1073.5,1046.8,1072.4,1069.45,5690459.0,60338.74
2016-03-02,1081.95,1107.0,1077.0,1103.0,1099.55,4070235.0,44722.35
2016-03-03,1114.7,1135.8,1107.05,1122.4,1124.15,2754190.0,30857.89
2016-03-04,1128.0,1134.9,1105.0,1127.85,1129.0,1624796.0,18187.26
2016-03-08,1120.0,1150.8,1119.0,1149.9,1146.45,3121092.0,35619.69
2016-03-09,1144.0,1145.0,1106.0,1129.65,1128.65,3962894.0,44469.28
2016-03-10,1134.8,1157.0,1123.95,1157.0,1153.15,4555206.0,51810.42
2016-03-11,1159.0,1167.0,1146.5,1161.9,1160.5,2950536.0,34107.0
2016-03-14,1168.0,1175.0,1146.75,1160.0,1158.7,1239365.0,14384.89
2016-03-15,1144.0,1148.7,1109.4,1113.15,1111.35,3897662.0,43711.34
2016-03-16,1101.1,1128.7,1095.5,1128.0,1125.95,3068113.0,34003.66
2016-03-17,1135.55,1152.0,1104.0,1107.05,1108.05,4138764.0,46453.32
2016-03-18,1111.4,1133.0,1104.0,1130.25,1129.3,4859516.0,54379.71
2016-03-21,1130.0,1155.85,1128.05,1150.5,1151.25,3940026.0,45009.04
2016-03-22,1142.05,1174.0,1136.0,1167.95,1168.1,3440836.0,39571.09
2016-03-23,1162.1,1167.7,1143.65,1160.0,1162.75,2117350.0,24440.7
2016-03-28,1154.5,1170.25,1137.3,1143.2,1143.35,3943656.0,45209.77
2016-03-29,1135.25,1142.0,1120.65,1123.95,1125.75,3752026.0,42424.12
2016-03-30,1128.25,1131.35,1110.15,1115.5,1115.3,4842266.0,54011.48
2016-03-31,1111.0,1118.95,1098.0,1107.0,1105.6,9556036.0,105682.19
2016-04-01,1100.0,1117.8,1092.25,1115.2,1113.4,3894156.0,42952.93
2016-04-04,1122.5,1124.25,1095.6,1099.5,1103.7,3275522.0,36194.6
2016-04-05,1102.0,1111.0,1085.5,1098.15,1103.45,4368286.0,48163.86
2016-04-06,1112.35,1112.35,1091.2,1103.1,1102.05,2913779.0,32039.14
2016-04-07,1100.0,1100.0,1065.5,1073.0,1070.85,4883634.0,52456.2
2016-04-08,1071.8,1082.85,1068.15,1077.05,1079.55,1944688.0,20926.26
2016-04-11,1083.95,1084.7,1060.15,1079.75,1079.8,3737043.0,40122.54
2016-04-12,1085.0,1091.95,1076.05,1088.6,1090.5,1864121.0,20251.66
2016-04-13,1098.1,1117.45,1093.65,1115.0,1114.95,3361554.0,37329.23
2016-04-18,1130.0,1139.4,1093.45,1135.0,1132.4,3916572.0,43913.75
2016-04-20,1148.7,1158.65,1135.0,1143.0,1140.0,4669646.0,53432.29
2016-04-21,1145.0,1157.45,1140.2,1149.1,1150.1,6522775.0,75109.93
2016-04-22,1141.0,1152.05,1121.95,1130.0,1131.9,2628319.0,29772.51
2016-04-25,1120.0,1127.5,1106.3,1114.0,1112.0,1859499.0,20724.15
2016-04-26,1104.0,1131.85,1103.05,1129.5,1127.3,2511483.0,28076.63
2016-04-27,1122.4,1128.5,1113.1,1121.5,1121.5,1866265.0,20894.2
2016-04-28,1121.0,1126.4,1082.05,1086.55,1085.55,5791623.0,63486.95
2016-04-29,1084.8,1102.25,1074.2,1090.0,1088.45,4202421.0,45677.09
2016-05-02,1091.45,1097.0,1078.55,1093.1,1091.9,2394549.0,26071.35
2016-05-03,1097.0,1116.55,1095.05,1101.9,1099.6,3372825.0,37261.03
2016-05-04,1099.0,1138.0,1098.0,1130.5,1129.9,4419894.0,49849.53
2016-05-05,1137.0,1176.2,1135.0,1163.2,1162.65,4663686.0,54184.95
2016-05-06,1161.0,1173.95,1149.1,1167.3,1167.8,2591447.0,30121.84
2016-05-09,1168.1,1207.0,1168.1,1206.15,1203.6,2462695.0,29437.43
2016-05-10,1202.2,1220.45,1197.0,1215.05,1218.55,2687851.0,32561.98
2016-05-11,1207.5,1221.5,1200.2,1204.0,1203.8,3080420.0,37276.89
2016-05-12,1204.0,1212.45,1190.0,1196.1,1195.85,1850802.0,22208.77
2016-05-13,1192.0,1203.1,1158.65,1165.2,1166.0,2819653.0,33051.8
2016-05-16,1164.4,1191.0,1160.5,1186.65,1186.45,2309079.0,27055.43
2016-05-17,1197.5,1230.0,1191.25,1215.0,1217.85,3760375.0,45777.24
2016-05-18,1205.25,1214.3,1196.4,1208.0,1208.2,4337073.0,52302.61
2016-05-19,1208.5,1208.55,1173.3,1175.0,1175.85,2454891.0,29073.62
2016-05-20,1178.1,1193.8,1172.15,1180.0,1179.55,3001619.0,35589.51
2016-05-23,1184.0,1187.25,1158.4,1162.15,1160.25,1882187.0,21956.97
2016-05-24,1163.9,1177.9,1159.15,1175.0,1172.75,1650889.0,19274.62
2016-05-25,1186.0,1212.45,1182.2,1208.0,1207.05,2675175.0,32194.78
2016-05-26,1210.4,1235.0,1191.7,1229.25,1228.25,2940863.0,35772.26
2016-05-27,1230.0,1268.4,1218.35,1250.0,1255.55,3246784.0,40429.43
2016-05-30,1255.2,1259.0,1212.35,1235.0,1233.95,2889133.0,35598.2
2016-05-31,1235.05,1247.8,1222.35,1242.15,1237.7,5155776.0,63692.96
2016-06-01,1242.15,1248.35,1230.0,1242.65,1243.25,2279936.0,28283.88
2016-06-02,1236.05,1263.5,1232.55,1258.45,1260.55,1671551.0,20815.36
2016-06-03,1266.0,1268.8,1246.0,1256.25,1254.9,1801598.0,22614.91
2016-06-06,1261.0,1264.95,1247.7,1256.0,1251.65,1879964.0,23559.89
2016-06-07,1256.5,1260.0,1242.8,1250.0,1251.3,2976354.0,37220.33
2016-06-08,1252.2,1267.0,1247.6,1255.0,1262.5,2594901.0,32745.82
2016-06-09,1257.0,1258.0,1233.35,1240.0,1237.5,2153365.0,26738.25
2016-06-10,1233.0,1251.7,1228.0,1231.0,1230.4,2144364.0,26479.62
2016-06-13,1218.05,1225.0,1201.2,1208.1,1205.35,4888040.0,59104.81
2016-06-14,1208.3,1209.4,1189.0,1199.8,1198.2,2396987.0,28633.69
2016-06-15,1206.2,1209.4,1189.25,1205.0,1205.15,2921199.0,35012.07
2016-06-16,1198.0,1205.8,1182.15,1200.7,1200.95,1840887.0,21992.3
2016-06-17,1215.0,1235.9,1210.35,1223.0,1227.3,2684017.0,32847.74
2016-06-20,1212.0,1234.0,1206.0,1230.15,1227.55,2128249.0,26073.57
2016-06-21,1233.0,1242.4,1220.0,1235.6,1238.15,2277146.0,28092.29
2016-06-22,1234.0,1241.8,1225.0,1237.5,1238.35,2568936.0,31687.98
2016-06-23,1237.9,1249.45,1228.2,1243.05,1245.5,1323818.0,16403.39
2016-06-24,1210.0,1225.9,1201.0,1225.0,1222.75,2579159.0,31309.58
2016-06-27,1211.1,1229.75,1210.55,1217.0,1214.6,1699797.0,20749.55
2016-06-28,1211.25,1231.65,1211.25,1229.0,1228.9,1264518.0,15470.16
2016-06-29,1233.05,1251.0,1231.05,1248.0,1248.55,1880015.0,23369.45
2016-06-30,1260.0,1266.25,1243.05,1252.6,1253.6,4774341.0,59894.85
2016-07-01,1253.5,1262.8,1237.7,1243.0,1242.35,2112124.0,26404.4
2016-07-04,1252.0,1266.1,1247.0,1259.6,1256.25,1125696.0,14157.62
2016-07-05,1257.5,1263.45,1245.7,1259.45,1260.7,1261841.0,15842.29
2016-07-07,1262.0,1295.4,1253.4,1293.0,1290.55,2760950.0,35346.75
2016-07-08,1290.0,1301.7,1272.7,1287.95,1286.9,2361470.0,30320.09
2016-07-11,1300.0,1322.0,1298.05,1322.0,1314.1,1873706.0,24558.28
2016-07-12,1320.5,1337.8,1319.1,1332.45,1333.75,1743750.0,23151.45
2016-07-13,1333.0,1337.75,1316.15,1325.8,1330.45,3059127.0,40628.61
2016-07-14,1328.4,1340.2,1318.05,1337.65,1336.95,1416877.0,18799.45
2016-07-15,1325.05,1370.0,1320.0,1359.85,1364.1,2180001.0,29395.13
2016-07-18,1364.0,1386.4,1338.0,1344.55,1346.35,2760273.0,37452.14
2016-07-19,1346.35,1355.95,1331.25,1339.1,1338.55,2534832.0,33935.88
2016-07-20,1339.9,1345.8,1325.3,1338.0,1334.45,2673186.0,35629.02
2016-07-21,1335.95,1345.0,1328.15,1328.15,1332.9,1524359.0,20380.25
2016-07-22,1333.95,1361.15,1326.7,1361.1,1357.0,1523892.0,20474.96
2016-07-25,1355.5,1387.0,1350.4,1382.0,1382.0,2693450.0,36985.7
2016-07-26,1383.7,1385.0,1362.2,1368.8,1367.45,2852587.0,39194.53
2016-07-27,1376.9,1398.1,1368.55,1386.25,1387.7,3451819.0,47746.16
2016-07-28,1390.3,1410.0,1374.0,1406.7,1402.15,5473387.0,76084.11
2016-07-29,1407.95,1407.95,1373.0,1375.0,1374.5,3347082.0,46137.96
2016-08-01,1385.0,1397.45,1368.0,1376.55,1374.3,3040038.0,42022.52
2016-08-02,1371.8,1373.35,1334.05,1338.0,1342.15,3509100.0,47348.32
2016-08-03,1342.15,1342.15,1316.4,1325.95,1325.45,3806460.0,50401.13
2016-08-04,1331.3,1333.7,1313.1,1320.55,1320.15,2223224.0,29336.16
2016-08-05,1330.0,1350.0,1322.55,1347.9,1342.1,2210679.0,29525.91
2016-08-08,1350.0,1370.6,1345.6,1363.35,1367.45,2196658.0,29835.69
2016-08-09,1375.0,1376.0,1331.5,1342.05,1343.0,3160963.0,42584.81
2016-08-10,1343.35,1349.0,1325.35,1337.0,1337.15,2397117.0,31977.11
2016-08-11,1339.0,1353.1,1331.0,1348.05,1348.45,2774737.0,37197.38
2016-08-12,1354.0,1383.8,1352.55,1375.75,1382.15,4666213.0,64003.77
2016-08-16,1378.0,1385.0,1348.1,1361.7,1358.55,3860834.0,52627.21
2016-08-17,1350.5,1372.45,1350.5,1364.85,1366.9,2627238.0,35864.59
2016-08-18,1369.5,1377.75,1363.75,1375.0,1374.3,2889535.0,39647.65
2016-08-19,1375.0,1376.15,1358.8,1372.0,1369.4,2925379.0,39927.13
2016-08-22,1370.0,1380.8,1357.6,1377.5,1377.55,2069513.0,28445.94
2016-08-23,1373.65,1380.0,1362.25,1379.05,1375.15,1766716.0,24187.3
2016-08-24,1386.3,1386.8,1366.25,1383.7,1382.85,1692693.0,23262.09
2016-08-25,1380.65,1390.0,1352.3,1355.3,1357.5,1846727.0,25245.28
2016-08-26,1361.5,1371.15,1349.0,1362.55,1366.35,1478521.0,20065.13
2016-08-29,1364.9,1379.5,1357.65,1375.7,1375.5,1371236.0,18828.68
2016-08-30,1379.9,1394.25,1373.6,1390.5,1392.1,2039705.0,28250.75
2016-08-31,1390.1,1414.0,1390.0,1409.85,1405.45,5712564.0,80119.5
2016-09-01,1412.0,1430.0,1405.3,1425.9,1424.75,2336511.0,33164.36
2016-09-02,1426.5,1441.95,1421.05,1439.35,1439.15,2435712.0,34984.56
2016-09-06,1453.0,1462.0,1442.0,1460.0,1458.05,2249067.0,32659.82
2016-09-07,1464.0,1464.0,1416.25,1433.25,1427.15,2282112.0,32652.28
2016-09-08,1432.75,1442.8,1428.1,1437.0,1437.8,1135659.0,16302.91
2016-09-09,1442.0,1442.0,1396.55,1412.55,1410.65,3028457.0,42638.89
2016-09-12,1390.0,1410.0,1373.7,1398.0,1399.05,2322859.0,32415.04
2016-09-14,1391.05,1397.9,1378.5,1395.0,1392.2,2442783.0,33892.23
2016-09-15,1393.1,1412.5,1390.4,1408.55,1410.05,1519406.0,21283.14
2016-09-16,1416.7,1417.0,1393.0,1394.0,1397.35,5047304.0,70785.9
2016-09-19,1399.9,1401.0,1386.0,1394.7,1392.8,1515698.0,21089.04
2016-09-20,1390.0,1396.0,1382.25,1394.9,1393.1,2123466.0,29507.6
2016-09-21,1392.35,1406.0,1388.55,1392.55,1392.35,2262794.0,31611.15
2016-09-22,1405.9,1419.4,1402.0,1415.0,1413.25,2777234.0,39193.55
2016-09-23,1418.0,1427.2,1412.0,1424.0,1425.1,1369990.0,19467.47
2016-09-26,1417.3,1424.2,1403.1,1414.0,1412.45,1999367.0,28167.16
2016-09-27,1415.7,1423.0,1406.0,1420.0,1418.9,1288154.0,18248.33
2016-09-28,1418.1,1432.0,1417.15,1420.8,1423.55,1322605.0,18847.23
2016-09-29,1428.5,1432.95,1392.6,1402.15,1401.4,3386269.0,47589.33
2016-09-30,1396.9,1399.2,1381.8,1394.95,1393.45,2719424.0,37778.02
2016-10-03,1401.0,1430.2,1386.0,1424.3,1425.5,1189432.0,16803.64
2016-10-04,1423.25,1435.2,1416.1,1432.0,1432.4,2188072.0,31212.67
2016-10-05,1435.0,1437.35,1414.35,1423.0,1423.15,1127576.0,16042.14
2016-10-06,1425.2,1433.9,1418.2,1423.0,1426.0,1367425.0,19494.88
2016-10-07,1426.0,1426.0,1398.4,1400.1,1403.7,1275355.0,17932.1
2016-10-10,1408.0,1412.0,1386.15,1394.5,1391.45,966179.0,13451.62
2016-10-13,1385.0,1400.0,1335.05,1336.5,1338.9,3233878.0,43651.12
2016-10-14,1340.8,1342.0,1312.9,1320.0,1316.05,3014689.0,39918.22
2016-10-17,1321.95,1322.95,1297.15,1304.0,1301.95,2134599.0,27859.28
2016-10-18,1307.0,1357.7,1306.55,1355.0,1355.25,2217709.0,29715.64
2016-10-19,1358.9,1359.25,1336.15,1339.65,1342.15,1840483.0,24724.02
2016-10-20,1348.0,1368.0,1345.3,1360.0,1359.95,1708024.0,23237.13
2016-10-21,1361.45,1361.45,1331.05,1339.0,1336.55,3175886.0,42461.09
2016-10-24,1341.35,1350.0,1333.05,1345.0,1344.0,923522.0,12394.74
2016-10-25,1344.8,1349.25,1327.5,1338.0,1340.1,1051311.0,14082.44
2016-10-26,1336.6,1343.95,1319.0,1336.0,1334.65,1797435.0,23910.94
2016-10-27,1336.1,1383.0,1328.6,1370.1,1378.55,3054221.0,41665.44
2016-10-28,1374.7,1393.0,1362.4,1388.0,1391.7,2929858.0,40467.16
2016-10-30,1398.0,1398.0,1375.0,1377.0,1377.5,110205.0,1522.0
2016-11-01,1382.6,1431.75,1377.0,1416.0,1417.2,4195608.0,59365.69
2016-11-02,1400.0,1408.95,1392.25,1406.85,1404.35,1717505.0,24077.66
2016-11-03,1400.9,1411.45,1395.7,1404.9,1401.6,1447474.0,20311.33
2016-11-04,1408.0,1408.0,1377.55,1387.3,1386.15,1818296.0,25286.64
2016-11-07,1401.35,1401.95,1373.35,1375.85,1381.4,2013931.0,27848.97
2016-11-08,1381.4,1394.6,1366.1,1393.7,1391.35,1611902.0,22256.01
2016-11-09,1335.55,1362.1,1310.0,1354.5,1350.8,4422950.0,59047.52
2016-11-10,1361.0,1364.55,1311.0,1317.55,1324.55,3981742.0,53227.95
2016-11-11,1310.0,1311.4,1263.25,1266.0,1268.35,3340486.0,42794.34
2016-11-15,1258.0,1258.0,1201.0,1216.05,1225.75,6489223.0,79432.76
2016-11-16,1237.7,1265.45,1221.8,1253.0,1255.4,4265216.0,52975.23
2016-11-17,1260.0,1270.55,1238.1,1248.1,1250.2,2462361.0,30830.8
2016-11-18,1250.2,1261.65,1243.4,1250.05,1249.8,2742765.0,34367.13
2016-11-21,1250.0,1250.0,1213.75,1223.1,1221.95,2648780.0,32603.23
2016-11-22,1230.0,1252.5,1225.8,1249.55,1249.7,2649077.0,32883.11
2016-11-23,1250.0,1255.0,1205.0,1230.1,1226.9,3248078.0,39689.17
2016-11-24,1217.1,1229.85,1212.1,1219.95,1217.65,3969055.0,48408.65
2016-11-25,1227.0,1257.15,1210.2,1251.0,1244.05,3185195.0,39065.93
2016-11-28,1236.1,1252.0,1234.0,1241.1,1246.7,2670157.0,33167.44
2016-11-29,1241.6,1284.95,1241.6,1252.0,1255.8,3448317.0,43768.31
2016-11-30,1254.2,1272.1,1237.55,1265.0,1263.1,4722267.0,59394.15
2016-12-01,1268.4,1285.75,1259.2,1267.2,1270.0,2474051.0,31539.33
2016-12-02,1260.4,1260.5,1233.0,1237.05,1236.8,2832229.0,35199.77
2016-12-05,1236.8,1239.95,1183.15,1218.95,1215.55,5623284.0,67938.67
2016-12-06,1218.05,1259.8,1218.05,1240.6,1243.4,2799494.0,34912.24
2016-12-07,1246.4,1283.45,1246.0,1265.25,1264.95,4418144.0,55883.99
2016-12-08,1270.5,1295.0,1270.5,1284.7,1289.85,2704208.0,34752.08
2016-12-09,1287.0,1289.7,1260.0,1273.0,1268.25,2333398.0,29607.42
2016-12-12,1266.9,1278.0,1254.15,1261.0,1264.5,1219745.0,15412.47
2016-12-13,1269.4,1281.5,1250.0,1275.05,1278.55,1656438.0,21023.81
2016-12-14,1279.0,1279.0,1257.0,1271.75,1266.55,1628885.0,20619.8
2016-12-15,1262.0,1277.4,1255.25,1261.55,1259.2,1731691.0,21895.7
2016-12-16,1262.0,1278.0,1262.0,1266.55,1269.15,2775322.0,35288.47
2016-12-19,1263.0,1263.9,1242.65,1243.65,1247.9,1279508.0,16054.86
2016-12-20,1245.9,1255.9,1227.8,1239.0,1235.55,1935652.0,24004.4
2016-12-21,1242.0,1256.95,1230.25,1233.35,1235.6,3217980.0,40126.45
2016-12-22,1234.8,1237.85,1213.25,1219.0,1217.4,2238703.0,27299.7
2016-12-23,1217.4,1232.3,1208.25,1224.0,1224.85,1560501.0,19110.57
2016-12-26,1220.0,1224.25,1206.0,1221.9,1219.5,747342.0,9090.44
2016-12-27,1221.9,1237.0,1211.45,1235.7,1232.15,872827.0,10653.89
2016-12-28,1238.9,1248.05,1222.9,1235.0,1237.95,2032787.0,25145.92
2016-12-29,1234.7,1261.55,1229.9,1257.85,1257.2,2005422.0,25059.43
2016-12-30,1263.35,1269.75,1249.5,1261.4,1262.6,1388842.0,17534.63
2017-01-02,1272.0,1272.0,1213.7,1216.95,1217.1,2369360.0,29013.33
2017-01-03,1218.7,1222.6,1200.5,1212.1,1214.0,3203369.0,38894.71
2017-01-04,1215.8,1224.5,1197.25,1215.0,1212.1,2805972.0,34024.33
2017-01-05,1215.7,1220.4,1205.1,1215.0,1217.2,3339784.0,40540.09
2017-01-06,1219.0,1232.0,1218.8,1223.0,1222.35,2774461.0,34007.85
2017-01-09,1225.0,1229.0,1212.6,1221.5,1223.55,2016528.0,24638.94
2017-01-10,1225.0,1227.95,1213.05,1218.0,1217.25,2669824.0,32559.59
2017-01-11,1224.7,1233.0,1218.2,1228.0,1230.05,1353730.0,16606.64
2017-01-12,1234.0,1242.95,1217.6,1219.2,1221.1,1477834.0,18136.89
2017-01-13,1224.95,1250.6,1222.15,1246.0,1247.5,2131709.0,26511.56
2017-01-16,1245.1,1264.0,1240.25,1258.0,1256.9,1694061.0,21272.92
2017-01-17,1258.35,1261.0,1234.95,1246.85,1245.8,1185487.0,14761.65
2017-01-18,1246.3,1260.95,1245.65,1247.0,1249.05,1491317.0,18666.08
2017-01-19,1251.7,1251.7,1232.9,1243.15,1242.4,1599732.0,19877.32
2017-01-20,1236.15,1245.0,1230.6,1236.65,1237.3,1408933.0,17431.92
2017-01-23,1234.7,1262.0,1232.0,1262.0,1259.75,2265524.0,28394.24
2017-01-24,1263.1,1282.0,1260.0,1277.1,1280.75,1937436.0,24724.36
2017-01-25,1284.0,1341.45,1279.7,1328.8,1337.4,5273331.0,69489.86
2017-01-27,1329.15,1379.0,1329.15,1366.5,1373.7,4017493.0,54794.54
2017-01-30,1370.4,1379.4,1360.0,1371.45,1371.9,2427494.0,33298.22
2017-01-31,1371.45,1388.2,1353.0,1365.0,1365.85,2588181.0,35443.63
2017-02-01,1370.0,1417.45,1369.65,1411.0,1412.1,2637813.0,36863.48
2017-02-02,1411.0,1411.0,1385.7,1404.0,1401.3,2336054.0,32611.51
2017-02-03,1401.5,1408.0,1385.6,1395.0,1397.45,2144208.0,29952.83
2017-02-06,1402.0,1411.85,1388.6,1397.7,1400.3,2029593.0,28409.06
2017-02-07,1399.6,1410.0,1388.4,1407.0,1407.25,2731391.0,38344.77
2017-02-08,1410.0,1410.0,1383.8,1399.0,1401.1,2263272.0,31635.99
2017-02-09,1402.0,1421.2,1385.65,1402.0,1396.9,2389616.0,33444.07
2017-02-10,1408.0,1410.0,1382.8,1393.0,1388.55,1637560.0,22807.99
2017-02-13,1398.4,1398.4,1372.6,1395.45,1392.05,1638938.0,22684.81
2017-02-14,1398.0,1403.65,1388.05,1399.0,1398.15,1564027.0,21832.88
2017-02-15,1399.9,1409.8,1389.5,1399.0,1399.15,2323380.0,32506.34
2017-02-16,1394.15,1403.0,1386.25,1393.9,1393.55,2017252.0,28125.74
2017-02-17,1425.0,1432.65,1400.2,1404.75,1402.5,2075335.0,29336.9
2017-02-20,1401.55,1402.85,1386.0,1393.0,1393.3,1470475.0,20474.21
2017-02-21,1393.1,1414.0,1389.85,1413.0,1412.45,734159.0,10300.63
2017-02-22,1415.0,1415.0,1391.8,1396.5,1394.1,2494083.0,34921.23
2017-02-23,1401.0,1404.9,1378.0,1390.0,1385.7,4125739.0,57344.15
2017-02-27,1389.45,1389.45,1368.1,1372.0,1375.7,2822066.0,38877.75
2017-02-28,1377.0,1383.95,1368.4,1370.9,1370.05,2318175.0,31872.3
2017-03-01,1369.8,1405.0,1369.2,1396.85,1400.55,2163448.0,30197.83
2017-03-02,1403.0,1415.4,1392.0,1393.35,1399.0,2671884.0,37567.58
2017-03-03,1392.3,1397.0,1366.0,1370.5,1371.2,1137208.0,15620.26
2017-03-06,1379.0,1392.0,1362.5,1367.0,1365.95,2236116.0,30686.09
2017-03-07,1374.4,1374.4,1362.75,1365.0,1365.4,1507326.0,20602.58
2017-03-08,1368.1,1376.8,1361.3,1365.5,1367.7,2330472.0,31859.93
2017-03-09,1368.25,1381.9,1362.6,1373.95,1371.5,2205255.0,30267.89
2017-03-10,1378.0,1383.35,1369.0,1375.7,1373.8,1607599.0,22107.38
2017-03-14,1415.2,1428.0,1413.3,1421.95,1424.15,6249576.0,88693.92
2017-03-15,1425.4,1435.0,1416.65,1424.15,1426.1,2598530.0,37069.7
2017-03-16,1431.65,1454.75,1431.15,1452.0,1450.25,3406772.0,49198.9
2017-03-17,1458.5,1458.5,1438.7,1446.2,1451.2,3588003.0,52001.35
2017-03-20,1449.8,1464.95,1446.95,1456.6,1457.75,1745773.0,25466.8
2017-03-21,1452.15,1473.45,1449.35,1461.1,1458.4,2087458.0,30451.88
2017-03-22,1449.9,1454.75,1434.05,1442.0,1442.3,1866922.0,26912.28
2017-03-23,1444.6,1460.9,1439.85,1459.0,1456.65,2342002.0,33907.66
2017-03-24,1458.0,1467.25,1450.0,1461.5,1462.6,1701119.0,24888.45
2017-03-27,1455.0,1478.5,1455.0,1477.0,1474.7,2418666.0,35524.33
2017-03-28,1477.7,1508.0,1477.1,1506.6,1504.1,2272786.0,34050.48
2017-03-29,1510.1,1531.0,1498.5,1524.45,1522.05,3595260.0,54401.54
2017-03-30,1520.0,1528.4,1510.55,1518.0,1519.95,8057156.0,122466.46
2017-03-31,1520.2,1520.2,1496.55,1499.85,1502.1,2816509.0,42359.96
2017-04-03,1509.65,1537.2,1502.05,1537.0,1533.65,2302442.0,35132.52
2017-04-05,1525.1,1530.0,1486.75,1492.0,1490.15,4839266.0,72468.65
2017-04-06,1490.0,1490.0,1468.1,1481.55,1482.6,3533800.0,52276.88
2017-04-07,1474.9,1494.0,1466.25,1481.7,1484.75,2366116.0,35059.5
2017-04-10,1484.0,1484.0,1465.05,1465.85,1467.5,2200153.0,32338.86
2017-04-11,1465.1,1486.95,1461.2,1479.0,1476.85,2166320.0,32012.54
2017-04-12,1475.0,1476.45,1460.0,1468.95,1466.65,2663565.0,39031.94
2017-04-13,1470.0,1484.7,1461.15,1475.2,1474.9,1773012.0,26165.0
2017-04-17,1475.0,1494.45,1474.8,1480.0,1479.55,1213004.0,18009.16
2017-04-18,1482.0,1491.0,1474.0,1480.0,1480.05,1784505.0,26427.82
2017-04-19,1491.55,1492.3,1470.2,1490.2,1490.2,1546962.0,22993.75
2017-04-20,1490.0,1531.75,1487.1,1511.75,1517.1,2905255.0,44098.61
2017-04-21,1519.9,1526.75,1490.95,1503.15,1507.45,1520049.0,22901.97
2017-04-24,1509.8,1538.55,1507.45,1525.0,1530.7,1550370.0,23728.17
2017-04-25,1535.0,1557.6,1531.0,1541.0,1548.4,2420240.0,37427.43
2017-04-26,1551.2,1590.0,1551.2,1576.15,1586.0,3596629.0,56700.55
2017-04-27,1582.0,1589.95,1559.05,1561.05,1566.5,4533632.0,71447.49
2017-04-28,1564.1,1566.0,1532.15,1537.0,1537.15,2850999.0,43920.12
2017-05-02,1547.0,1590.75,1538.9,1585.55,1584.75,4472856.0,70305.75
2017-05-03,1588.0,1591.85,1563.0,1564.3,1571.3,4028393.0,63487.16
2017-05-04,1573.0,1587.4,1556.0,1558.1,1564.35,5810079.0,91488.42
2017-05-05,1570.1,1570.2,1540.95,1543.0,1546.85,2299986.0,35605.4
2017-05-08,1542.0,1549.0,1527.15,1529.0,1529.5,1887869.0,29028.16
2017-05-09,1537.9,1542.8,1517.85,1523.4,1523.5,2041977.0,31246.48
2017-05-10,1532.0,1575.25,1527.2,1570.7,1572.0,2965910.0,46344.52
2017-05-11,1581.0,1581.0,1557.0,1558.25,1565.3,2648011.0,41618.63
2017-05-12,1565.0,1566.2,1539.35,1549.0,1549.8,1294006.0,20046.44
2017-05-15,1554.5,1572.6,1554.1,1561.0,1559.5,1270297.0,19849.9
2017-05-16,1558.0,1569.0,1554.0,1568.0,1566.55,2114918.0,33078.44
2017-05-17,1565.5,1570.95,1549.75,1550.1,1552.5,2161434.0,33655.26
2017-05-18,1547.0,1558.6,1526.5,1545.0,1537.05,2404372.0,37004.07
2017-05-19,1545.0,1548.0,1515.35,1526.5,1520.6,2142433.0,32696.52
2017-05-22,1530.0,1530.0,1510.25,1519.95,1519.85,1920867.0,29174.81
2017-05-23,1521.7,1537.2,1503.45,1510.0,1511.5,1408855.0,21431.49
2017-05-24,1519.0,1541.75,1512.4,1525.0,1524.85,2209471.0,33758.51
2017-05-25,1533.9,1546.0,1530.5,1539.0,1539.75,4099792.0,63131.84
2017-05-26,1538.1,1563.0,1530.25,1544.5,1547.9,1871008.0,28974.91
2017-05-29,1546.0,1601.25,1546.0,1596.75,1598.85,3464406.0,54946.27
2017-05-30,1595.7,1604.0,1575.05,1582.6,1579.5,1605211.0,25491.49
2017-05-31,1581.0,1596.15,1565.4,1576.8,1569.85,4907685.0,77143.2
2017-06-01,1551.8,1587.4,1551.8,1577.25,1583.75,2990228.0,47099.42
2017-06-02,1582.0,1612.8,1582.0,1595.35,1604.65,3427957.0,54921.67
2017-06-05,1606.4,1612.0,1591.15,1605.0,1606.15,2988075.0,47925.94
2017-06-06,1610.0,1624.85,1602.5,1603.7,1605.75,2170920.0,34992.05
2017-06-07,1609.7,1611.5,1590.6,1600.0,1599.35,1726464.0,27601.91
2017-06-08,1608.9,1635.0,1605.0,1631.0,1633.55,2289492.0,37278.28
2017-06-09,1628.0,1649.0,1620.1,1646.1,1647.2,2633241.0,43088.6
2017-06-12,1644.0,1651.8,1633.85,1647.0,1647.5,2000556.0,32886.95
2017-06-13,1642.05,1682.2,1642.05,1665.0,1667.65,2737084.0,45636.01
2017-06-14,1661.55,1668.0,1644.0,1647.1,1651.1,6519614.0,107685.95
2017-06-15,1648.7,1653.7,1629.55,1635.0,1636.85,5678766.0,93252.96
2017-06-16,1634.3,1651.0,1629.15,1635.2,1640.85,2692532.0,44207.95
2017-06-19,1659.0,1660.0,1645.2,1659.6,1654.2,2907637.0,48059.77
2017-06-20,1651.15,1660.0,1627.9,1632.15,1631.5,2304515.0,37723.9
2017-06-21,1632.15,1638.0,1615.5,1626.0,1628.25,2359678.0,38288.01
2017-06-22,1626.1,1660.0,1626.1,1650.1,1653.8,3438975.0,56809.97
2017-06-23,1660.0,1661.0,1642.1,1650.2,1651.35,2590704.0,42785.84
2017-06-27,1655.7,1667.0,1639.7,1650.15,1651.05,3612290.0,59692.44
2017-06-28,1656.5,1658.8,1623.1,1624.0,1629.0,1683069.0,27561.9
2017-06-29,1629.4,1654.9,1620.1,1627.4,1632.2,2783220.0,45600.25
2017-06-30,1625.0,1625.0,1606.95,1611.9,1614.95,1866235.0,30160.86
2017-07-03,1610.35,1629.0,1600.7,1617.05,1621.65,1518180.0,24561.99
2017-07-04,1626.35,1646.5,1616.4,1639.05,1640.65,1909048.0,31200.56
2017-07-05,1639.05,1640.0,1622.25,1631.0,1629.1,1317408.0,21441.12
2017-07-06,1623.05,1654.0,1623.05,1642.8,1647.9,2397552.0,39431.65
2017-07-07,1650.0,1650.0,1617.0,1630.5,1629.15,3405664.0,55349.05
2017-07-10,1678.0,1678.0,1620.9,1636.0,1638.85,380665.0,6223.68
2017-07-11,1640.4,1649.1,1629.9,1645.0,1642.75,1547377.0,25389.1
2017-07-12,1647.0,1648.0,1626.05,1638.55,1639.95,2067988.0,33832.24
2017-07-13,1640.2,1665.0,1640.2,1656.4,1656.9,2728741.0,45189.69
2017-07-14,1649.0,1649.9,1637.05,1647.1,1647.7,1214121.0,19966.08
2017-07-17,1649.0,1658.9,1645.55,1652.3,1652.35,1080487.0,17856.07
2017-07-18,1655.0,1676.95,1649.1,1652.0,1653.0,2073732.0,34361.71
2017-07-19,1661.0,1661.0,1641.85,1651.3,1654.85,2812906.0,46392.35
2017-07-20,1665.1,1665.15,1642.8,1650.25,1651.0,1042156.0,17204.94
2017-07-21,1655.7,1655.7,1622.35,1640.1,1640.95,2044159.0,33558.08
2017-07-24,1646.8,1647.0,1626.3,1630.0,1632.25,5390510.0,88081.12
2017-07-25,1643.0,1643.0,1627.35,1633.8,1632.05,2986733.0,48760.2
2017-07-26,1635.0,1643.8,1620.0,1637.95,1633.45,5038801.0,82293.01
2017-07-27,1647.0,1743.45,1642.15,1719.0,1728.2,9028591.0,154456.51
2017-07-28,1717.5,1799.2,1709.1,1776.0,1785.35,7936274.0,140066.57
2017-07-31,1783.9,1799.9,1751.2,1787.5,1789.25,4669583.0,82940.21
2017-08-01,1787.25,1799.0,1754.7,1784.1,1779.1,3259641.0,57667.81
2017-08-02,1777.0,1783.25,1760.0,1769.4,1766.4,1960377.0,34615.64
2017-08-03,1774.0,1776.8,1725.0,1732.6,1736.75,3975454.0,69334.29
2017-08-04,1725.3,1738.65,1721.0,1731.1,1731.35,5369383.0,92773.69
2017-08-07,1731.0,1753.0,1720.1,1720.45,1725.4,2372097.0,41159.43
2017-08-08,1729.9,1732.05,1701.0,1720.0,1719.9,2915229.0,50057.32
2017-08-09,1718.9,1741.8,1705.0,1728.0,1731.65,1817847.0,31349.22
2017-08-10,1728.0,1749.05,1699.0,1711.0,1709.8,3177026.0,55060.07
2017-08-11,1686.5,1709.45,1681.4,1694.8,1695.35,1987331.0,33629.1
2017-08-14,1700.8,1745.3,1691.3,1714.0,1713.95,2144672.0,37012.09
2017-08-16,1722.8,1758.0,1715.1,1739.0,1741.75,3357599.0,58417.81
2017-08-17,1748.75,1766.0,1720.25,1756.0,1759.25,2408279.0,41985.12
2017-08-18,1757.0,1758.75,1725.25,1731.0,1735.05,1897962.0,32936.75
2017-08-21,1737.2,1745.4,1730.0,1735.9,1738.15,1685595.0,29302.35
2017-08-22,1743.9,1756.75,1737.6,1754.0,1750.4,1505736.0,26301.85
2017-08-23,1750.25,1769.0,1747.7,1758.65,1765.25,2858972.0,50358.67
2017-08-24,1764.6,1769.0,1746.0,1754.8,1757.35,1560281.0,27456.97
2017-08-28,1765.0,1784.45,1756.45,1766.65,1766.45,4268581.0,75490.41
2017-08-29,1754.5,1762.5,1725.0,1726.55,1727.8,3262401.0,56472.11
2017-08-30,1741.0,1770.0,1738.5,1755.5,1759.05,2399821.0,42155.65
2017-08-31,1762.0,1780.95,1746.0,1779.8,1776.9,4646322.0,82205.71
2017-09-01,1776.0,1776.0,1751.65,1760.0,1759.55,2115809.0,37246.31
2017-09-04,1767.8,1768.5,1742.05,1753.0,1755.4,1660749.0,29077.99
2017-09-05,1754.0,1772.2,1748.05,1770.0,1767.3,1287567.0,22680.1
2017-09-06,1754.0,1777.0,1749.2,1772.45,1775.0,1904953.0,33632.59
2017-09-07,1773.1,1790.4,1752.1,1779.6,1781.7,2919242.0,51684.1
2017-09-08,1782.0,1789.85,1774.1,1776.15,1779.15,1617395.0,28844.47
2017-09-11,1782.5,1796.0,1776.35,1777.1,1781.7,1803438.0,32219.98
2017-09-12,1792.8,1802.0,1768.7,1793.35,1798.1,2319571.0,41462.52
2017-09-13,1795.0,1799.7,1773.6,1776.05,1778.1,1953168.0,34830.29
2017-09-14,1777.0,1778.15,1763.05,1770.9,1771.8,3630935.0,64304.73
2017-09-15,1761.1,1781.3,1758.0,1767.0,1768.95,4778170.0,84444.21
2017-09-18,1774.0,1779.45,1763.6,1771.5,1771.75,1878242.0,33287.87
2017-09-19,1775.15,1776.15,1751.0,1755.0,1752.6,2407597.0,42396.54
2017-09-20,1746.0,1771.0,1746.0,1765.25,1767.15,1907381.0,33618.5
2017-09-21,1766.0,1795.35,1764.0,1788.65,1788.6,4404969.0,78400.51
2017-09-22,1785.0,1786.1,1770.15,1775.15,1780.95,2208485.0,39307.57
2017-09-25,1777.8,1777.85,1738.9,1752.0,1755.05,2021237.0,35477.61
2017-09-26,1755.0,1758.8,1728.1,1740.0,1741.25,2493262.0,43363.3
2017-09-27,1757.0,1757.0,1715.8,1725.0,1719.35,2823110.0,48890.35
2017-09-28,1720.1,1764.8,1713.0,1738.0,1744.35,3640524.0,63187.55
2017-09-29,1749.0,1758.7,1730.0,1730.25,1742.15,2811969.0,49149.39
2017-10-03,1753.1,1768.0,1734.15,1761.0,1761.6,3369694.0,59156.16
2017-10-04,1762.1,1777.65,1750.0,1776.5,1768.1,2256778.0,39925.91
2017-10-05,1772.3,1776.0,1748.1,1752.5,1751.7,1318348.0,23196.84
2017-10-06,1752.2,1765.95,1733.25,1741.15,1740.0,3033715.0,52798.67
2017-10-09,1739.9,1753.8,1731.2,1752.7,1749.7,1512781.0,26383.19
2017-10-10,1748.55,1749.7,1737.3,1745.95,1744.75,1956024.0,34091.15
2017-10-11,1750.0,1763.4,1741.95,1747.1,1750.75,1251359.0,21924.67
2017-10-12,1752.15,1758.8,1742.1,1752.2,1755.55,1570135.0,27508.08
2017-10-13,1752.1,1773.8,1752.0,1763.6,1766.45,2721949.0,48039.24
2017-10-16,1771.0,1779.4,1746.05,1760.25,1762.9,2650209.0,46679.67
2017-10-17,1760.8,1767.45,1751.3,1761.95,1759.75,1432658.0,25199.21
2017-10-18,1759.75,1764.2,1749.0,1754.9,1751.55,1747083.0,30677.71
2017-10-19,1751.0,1754.75,1738.9,1743.0,1745.75,119832.0,2094.24
2017-10-23,1751.8,1751.8,1713.0,1724.0,1722.4,2813675.0,48512.76
2017-10-24,1725.0,1732.0,1712.0,1723.0,1722.3,1561822.0,26900.83
2017-10-25,1736.9,1737.9,1649.35,1678.0,1677.65,3823429.0,64166.28
2017-10-26,1669.5,1707.0,1638.0,1697.0,1692.35,6425264.0,106688.35
2017-10-27,1704.0,1716.0,1681.35,1693.0,1699.05,1217140.0,20649.17
2017-10-30,1706.4,1722.8,1685.1,1704.95,1705.8,2705599.0,46168.89
2017-10-31,1711.0,1727.8,1697.95,1700.95,1707.4,2287919.0,39261.46
2017-11-01,1710.0,1760.1,1701.25,1751.9,1754.3,3406418.0,59321.24
2017-11-02,1743.1,1769.85,1743.1,1761.0,1762.25,2386293.0,42007.17
2017-11-03,1771.0,1790.0,1760.15,1772.35,1776.3,1614278.0,28684.94
2017-11-06,1770.0,1799.0,1766.0,1776.0,1790.2,1465290.0,26168.01
2017-11-07,1783.6,1804.0,1760.25,1765.3,1764.65,2261156.0,40115.25
2017-11-08,1758.2,1777.95,1742.25,1745.2,1747.45,2713933.0,47733.74
2017-11-09,1760.0,1760.0,1706.0,1725.0,1725.85,3596933.0,61935.09
2017-11-10,1726.0,1726.0,1697.15,1709.55,1709.5,2331920.0,39900.45
2017-11-13,1700.1,1705.0,1666.4,1670.75,1670.3,3835863.0,64346.04
2017-11-14,1664.0,1682.55,1658.0,1662.95,1661.4,3488363.0,58109.58
2017-11-15,1663.0,1676.4,1648.4,1654.0,1650.9,2688079.0,44645.28
2017-11-16,1660.0,1672.0,1649.3,1670.0,1664.4,4085012.0,67819.98
2017-11-17,1694.0,1720.0,1688.3,1702.2,1705.5,4157219.0,70942.19
2017-11-20,1699.9,1706.75,1685.0,1687.0,1689.2,3406045.0,57781.77
2017-11-21,1692.9,1706.0,1687.0,1690.0,1694.5,3626597.0,61583.04
2017-11-22,1694.5,1724.95,1692.75,1719.5,1718.15,3096864.0,53183.56
2017-11-23,1715.0,1720.95,1700.65,1705.0,1704.6,1891748.0,32377.29
2017-11-24,1707.9,1715.0,1697.1,1713.2,1711.05,1269395.0,21672.76
2017-11-27,1709.0,1714.55,1699.6,1713.0,1711.0,1160941.0,19817.88
2017-11-28,1713.2,1737.0,1710.0,1725.0,1725.5,2024236.0,34971.94
2017-11-29,1727.1,1727.1,1700.35,1701.8,1704.15,5140571.0,87727.54
2017-11-30,1702.0,1703.85,1667.95,1671.7,1675.7,6832920.0,114786.16
2017-12-01,1684.2,1685.75,1651.05,1662.65,1658.8,2269479.0,37861.24
2017-12-04,1664.9,1685.0,1655.6,1682.95,1680.4,3197224.0,53577.28
2017-12-05,1677.0,1690.0,1663.4,1679.5,1679.5,2444540.0,40936.54
2017-12-06,1673.05,1675.4,1640.85,1644.25,1648.4,3917846.0,64999.3
2017-12-07,1650.0,1660.0,1644.1,1653.1,1655.55,2212536.0,36579.65
2017-12-08,1665.0,1688.1,1660.0,1683.35,1682.95,3673846.0,61568.13
2017-12-11,1692.0,1718.0,1691.0,1717.0,1709.95,2775331.0,47239.44
2017-12-12,1707.1,1715.0,1698.0,1713.95,1710.8,3650373.0,62356.17
2017-12-13,1709.1,1716.65,1688.3,1703.45,1696.7,2176285.0,37116.14
2017-12-14,1705.0,1710.0,1682.25,1709.0,1704.5,1996271.0,33872.45
2017-12-15,1714.0,1734.55,1713.05,1718.0,1723.0,2987009.0,51483.49
2017-12-18,1713.1,1741.3,1679.7,1718.7,1719.95,2221752.0,38214.08
2017-12-19,1722.0,1725.0,1704.65,1708.85,1709.15,2431117.0,41629.22
2017-12-20,1715.95,1718.35,1690.0,1690.05,1693.7,2487331.0,42331.77
2017-12-21,1710.0,1710.0,1695.25,1697.0,1701.9,1712824.0,29180.2
2017-12-22,1708.9,1717.0,1697.0,1710.1,1709.35,1827617.0,31210.84
2017-12-26,1715.0,1719.0,1702.05,1711.0,1713.2,1367535.0,23394.29
2017-12-27,1710.0,1715.0,1705.0,1705.55,1707.9,987445.0,16877.82
2017-12-28,1713.75,1715.0,1690.3,1692.3,1696.15,1150023.0,19624.85
2017-12-29,1699.0,1713.0,1697.55,1710.5,1710.4,2178686.0,37162.45
2018-01-01,1710.0,1711.05,1677.5,1688.8,1683.75,1387222.0,23411.61
2018-01-02,1690.0,1706.25,1685.4,1703.9,1703.25,1468475.0,24915.89
2018-01-03,1705.2,1711.8,1695.0,1700.8,1700.8,2133332.0,36385.38
2018-01-04,1708.95,1708.95,1691.05,1701.0,1703.2,1585554.0,26964.72
2018-01-05,1716.0,1731.0,1705.85,1729.0,1725.2,2302884.0,39487.28
2018-01-08,1729.25,1745.0,1729.0,1740.0,1740.95,2997037.0,52105.01
2018-01-09,1743.85,1748.35,1725.0,1731.0,1735.05,1470161.0,25498.72
2018-01-10,1730.0,1739.5,1721.2,1721.2,1726.45,1465727.0,25339.86
2018-01-11,1729.9,1745.0,1724.4,1742.0,1741.35,1680803.0,29157.38
2018-01-12,1744.0,1764.95,1740.6,1753.1,1760.95,3280043.0,57541.82
2018-01-15,1790.0,1886.8,1778.05,1863.0,1871.2,9486397.0,174992.88
2018-01-16,1870.0,1870.0,1835.75,1854.0,1845.95,5373079.0,99310.51
2018-01-17,1841.0,1869.0,1841.0,1854.0,1858.35,3622589.0,67198.85
2018-01-18,1875.45,1918.65,1865.6,1895.0,1896.8,6605642.0,125488.26
2018-01-19,1897.0,1912.8,1894.35,1904.0,1901.25,2833442.0,53924.75
2018-01-22,1901.0,1924.35,1863.95,1866.3,1872.0,3649174.0,68826.54
2018-01-23,1874.0,1896.9,1870.2,1886.0,1884.65,2158639.0,40676.13
2018-01-24,1886.6,1919.55,1880.0,1911.25,1911.2,3401495.0,64846.42
2018-01-25,1917.0,1922.5,1883.5,1903.35,1908.3,4622281.0,87963.89
2018-01-29,1915.0,1986.05,1909.9,1971.5,1967.6,6305147.0,123131.61
2018-01-30,1971.5,1971.5,1927.9,1938.0,1937.5,4066082.0,79077.9
2018-01-31,1932.25,1963.05,1918.0,1955.85,1956.3,3665385.0,71179.34
2018-02-01,1963.0,1975.3,1931.8,1967.0,1967.55,3838192.0,75311.48
2018-02-02,1946.0,1946.0,1895.0,1900.0,1903.85,3272591.0,62541.47
2018-02-05,1866.1,1886.0,1811.8,1824.95,1823.35,6082208.0,111588.34
2018-02-06,1769.0,1808.8,1757.05,1796.95,1788.6,3601190.0,64131.33
2018-02-07,1795.0,1806.65,1767.05,1781.75,1785.35,3549234.0,63096.98
2018-02-08,1788.0,1836.4,1787.5,1811.0,1811.8,1865933.0,33877.81
2018-02-09,1780.25,1783.45,1762.0,1776.65,1773.05,2773971.0,49169.05
2018-02-12,1777.1,1812.3,1760.7,1811.0,1805.45,3194895.0,57031.56
2018-02-14,1820.0,1833.0,1805.0,1807.0,1814.0,3923887.0,71383.92
2018-02-15,1828.9,1851.0,1819.15,1827.75,1829.5,3382968.0,62155.11
2018-02-16,1835.5,1836.95,1804.2,1818.1,1815.5,2368880.0,43064.19
2018-02-19,1827.75,1830.2,1801.0,1814.1,1814.05,1603737.0,29100.42
2018-02-20,1832.9,1840.0,1802.5,1814.0,1811.75,2523482.0,45964.2
2018-02-21,1825.0,1832.7,1816.0,1825.0,1824.8,3795216.0,69248.91
2018-02-22,1819.7,1825.0,1807.7,1824.0,1819.25,6229874.0,113319.89
2018-02-23,1826.85,1827.4,1815.5,1820.2,1824.2,2023292.0,36869.73
2018-02-26,1830.0,1852.75,1821.35,1842.0,1843.25,2253522.0,41442.22
2018-02-27,1850.0,1851.0,1819.05,1824.9,1828.65,2558313.0,46832.57
2018-02-28,1830.0,1832.0,1803.6,1811.0,1808.7,2802070.0,50944.38
2018-03-01,1811.0,1818.5,1801.0,1816.0,1814.15,3272003.0,59349.36
2018-03-05,1814.0,1814.0,1780.3,1790.0,1789.6,2163209.0,38743.4
2018-03-06,1803.9,1819.0,1758.1,1769.95,1782.8,2899309.0,52345.89
2018-03-07,1774.35,1782.2,1756.1,1765.0,1761.75,1624922.0,28767.97
2018-03-08,1772.9,1803.55,1771.7,1795.0,1798.75,3174098.0,56793.17
2018-03-09,1801.0,1834.3,1801.0,1815.0,1818.6,3000976.0,54646.05
2018-03-12,1831.6,1865.35,1827.05,1857.75,1858.05,3242604.0,59927.54
2018-03-13,1850.0,1881.5,1850.0,1864.4,1868.5,3264920.0,61126.3
2018-03-14,1857.25,1863.8,1836.05,1847.9,1844.7,1649636.0,30429.41
2018-03-15,1846.0,1847.7,1827.4,1834.35,1830.0,1548960.0,28429.18
2018-03-16,1830.0,1832.0,1784.65,1800.0,1791.4,8008654.0,144053.25
2018-03-19,1799.0,1806.85,1768.45,1776.85,1774.5,3986719.0,71157.21
2018-03-20,1771.0,1808.5,1771.0,1800.0,1800.05,3441458.0,61687.57
2018-03-21,1820.0,1830.4,1803.6,1820.0,1817.85,3574861.0,65087.13
2018-03-22,1820.0,1838.5,1801.75,1811.95,1809.55,2664935.0,48465.78
2018-03-23,1787.7,1799.55,1776.1,1790.0,1789.6,2788553.0,49852.37
2018-03-26,1781.0,1835.35,1778.25,1825.6,1830.15,1922453.0,34834.96
2018-03-27,1837.9,1838.0,1813.9,1823.2,1823.15,3597668.0,65657.63
2018-03-28,1821.0,1830.95,1812.75,1821.0,1825.6,4010323.0,73123.88
2018-04-02,1830.95,1854.15,1828.95,1837.0,1838.05,2607397.0,47900.81
2018-04-03,1836.0,1846.55,1815.6,1824.75,1825.7,1950749.0,35643.98
2018-04-04,1830.7,1831.8,1792.0,1800.0,1803.3,2268911.0,41010.15
2018-04-05,1821.0,1830.0,1812.2,1824.45,1824.45,3549233.0,64602.16
2018-04-06,1827.0,1837.8,1820.6,1828.0,1829.0,3260963.0,59682.47
2018-04-09,1834.85,1847.0,1825.0,1835.1,1836.7,1480293.0,27226.54
2018-04-10,1848.0,1851.65,1815.1,1818.25,1817.5,1673162.0,30537.24
2018-04-11,1823.5,1827.8,1802.6,1814.0,1812.4,1917617.0,34776.75
2018-04-12,1808.45,1830.55,1806.0,1828.0,1829.05,1296216.0,23625.19
2018-04-13,1834.0,1842.85,1822.6,1840.0,1840.6,1849910.0,33951.89
2018-04-16,1833.0,1873.0,1832.2,1867.9,1870.45,2555945.0,47650.15
2018-04-17,1875.0,1896.65,1862.2,1888.7,1889.7,2842835.0,53433.5
2018-04-18,1897.7,1898.0,1871.1,1880.0,1877.7,1690874.0,31895.03
2018-04-19,1883.0,1887.05,1851.65,1861.0,1858.65,1655535.0,30919.69
2018-04-20,1863.0,1873.0,1832.5,1836.5,1834.15,2627245.0,48336.73
2018-04-23,1849.0,1849.0,1828.6,1834.5,1830.85,2514450.0,46163.83
2018-04-24,1836.9,1867.5,1834.5,1857.35,1859.55,2381491.0,44190.7
2018-04-25,1858.0,1858.0,1840.0,1848.55,1849.5,1299220.0,24001.28
2018-04-26,1853.0,1857.35,1841.2,1850.0,1850.45,3349024.0,61976.05
2018-04-27,1848.1,1859.35,1840.0,1853.8,1853.75,3005770.0,55668.7
2018-04-30,1864.0,1891.55,1862.55,1880.4,1883.25,3343611.0,62872.66
2018-05-02,1897.0,1912.5,1871.35,1906.7,1910.6,4812147.0,91271.09
2018-05-03,1908.0,1931.65,1906.75,1919.05,1922.7,4558083.0,87598.49
2018-05-04,1929.0,1933.8,1904.2,1908.45,1910.35,1990972.0,38123.55
2018-05-07,1914.0,1922.1,1901.25,1917.0,1918.7,2389766.0,45714.34
2018-05-08,1920.1,1920.1,1895.6,1896.25,1903.35,2124127.0,40478.33
2018-05-09,1893.15,1905.4,1882.3,1903.75,1897.65,1669898.0,31614.55
2018-05-10,1908.0,1909.95,1890.45,1896.8,1894.3,1153192.0,21866.33
2018-05-11,1901.0,1921.7,1901.0,1916.0,1919.8,948291.0,18147.39
2018-05-14,1919.8,1936.9,1919.8,1929.6,1930.6,1936219.0,37325.79
2018-05-15,1936.5,1941.9,1923.8,1929.1,1929.55,2873050.0,55624.3
2018-05-16,1924.9,1929.0,1908.9,1914.45,1914.55,1366048.0,26244.19
2018-05-17,1919.0,1919.0,1867.95,1876.0,1875.1,2751107.0,51901.4
2018-05-18,1870.0,1882.1,1850.05,1858.0,1853.0,2517918.0,46804.43
2018-05-21,1860.0,1860.0,1816.5,1819.25,1819.2,2816934.0,51561.02
2018-05-22,1820.2,1829.0,1795.85,1810.0,1810.0,3151951.0,57004.02
2018-05-23,1807.4,1807.4,1780.05,1787.4,1783.65,3059058.0,54814.3
2018-05-24,1797.0,1814.05,1788.1,1808.5,1806.1,2185202.0,39390.75
2018-05-25,1808.2,1828.65,1796.05,1817.95,1819.75,2301042.0,41715.68
2018-05-28,1825.0,1835.0,1820.55,1828.4,1829.55,1616546.0,29566.54
2018-05-29,1827.75,1828.75,1804.3,1809.5,1809.75,1160204.0,21086.32
2018-05-30,1804.0,1807.0,1780.4,1792.6,1790.8,3140621.0,56318.61
2018-05-31,1812.0,1838.5,1797.2,1829.0,1833.0,5622276.0,102255.52
2018-06-01,1833.0,1857.0,1823.95,1836.75,1844.25,2653497.0,48941.95
2018-06-04,1860.9,1870.45,1825.35,1826.2,1833.15,2010526.0,37107.04
2018-06-05,1832.1,1854.9,1820.65,1852.1,1848.4,1539190.0,28254.62
2018-06-06,1848.0,1861.5,1838.15,1858.0,1858.45,1222829.0,22632.15
2018-06-07,1862.5,1874.0,1858.55,1867.15,1869.0,1453806.0,27161.97
2018-06-08,1855.05,1863.3,1827.0,1837.75,1840.45,1947101.0,35862.09
2018-06-11,1839.1,1850.0,1831.35,1838.9,1839.45,1561062.0,28761.71
2018-06-12,1840.3,1854.8,1838.05,1849.85,1847.7,1662303.0,30717.53
2018-06-13,1851.0,1856.25,1826.6,1835.0,1832.3,1792766.0,32921.23
2018-06-14,1837.5,1838.5,1827.0,1835.6,1833.75,2035114.0,37284.55
2018-06-15,1842.0,1865.45,1827.1,1834.0,1832.25,3700695.0,67875.08
2018-06-18,1831.5,1834.6,1820.2,1822.0,1823.55,1965262.0,35878.15
2018-06-19,1823.25,1837.9,1817.0,1832.0,1828.0,2627053.0,48001.91
2018-06-20,1832.1,1852.1,1830.2,1851.45,1847.0,1680840.0,30971.76
2018-06-21,1855.0,1876.6,1844.45,1857.9,1858.9,3185688.0,59207.57
2018-06-22,1859.0,1912.7,1853.8,1909.0,1906.75,4070361.0,76656.17
2018-06-25,1909.0,1911.5,1885.0,1895.0,1893.8,3174077.0,60121.54
2018-06-26,1892.0,1922.85,1889.4,1916.0,1915.85,2819929.0,53972.77
2018-06-27,1922.0,1936.0,1895.65,1902.5,1904.85,3309395.0,63467.8
2018-06-28,1904.0,1913.0,1865.5,1885.0,1878.0,4899708.0,92122.65
2018-06-29,1889.0,1913.0,1873.0,1908.1,1908.1,4022628.0,76231.27
2018-07-02,1912.9,1915.35,1879.3,1894.0,1897.1,2283964.0,43297.38
2018-07-03,1900.0,1900.0,1874.65,1882.05,1879.7,1687705.0,31759.92
2018-07-04,1883.0,1926.7,1882.1,1922.85,1922.5,2609336.0,49828.12
2018-07-05,1923.7,1937.15,1908.25,1930.5,1931.05,1945712.0,37488.68
2018-07-06,1926.1,1938.4,1912.25,1916.9,1916.85,2550768.0,49127.63
2018-07-09,1919.0,1922.0,1901.0,1905.4,1904.9,2377612.0,45383.92
2018-07-10,1912.0,1947.6,1904.55,1945.0,1942.55,1847583.0,35562.4
2018-07-11,1946.0,1961.8,1920.3,1925.0,1928.1,2224803.0,43254.46
2018-07-12,1938.0,1979.9,1935.0,1959.05,1962.7,2796172.0,54900.21
2018-07-13,1968.0,1978.35,1943.45,1974.8,1972.5,2465425.0,48570.77
2018-07-16,1979.95,1997.5,1973.0,1991.0,1991.2,3693133.0,73435.93
2018-07-17,1991.0,1998.0,1968.0,1997.7,1989.3,2171225.0,43061.89
2018-07-18,2005.0,2025.0,1998.8,2009.0,2009.45,2796940.0,56243.3
2018-07-19,2003.0,2005.05,1977.0,1988.45,1988.4,1385205.0,27553.7
2018-07-20,1980.5,1982.0,1957.1,1975.0,1973.85,1467884.0,28921.48
2018-07-23,1969.0,1988.0,1959.55,1965.85,1966.85,1254416.0,24736.63
2018-07-24,1967.1,1982.8,1962.15,1978.0,1975.55,1628220.0,32136.83
2018-07-25,1988.45,2011.85,1984.2,2000.0,2000.85,2503749.0,50043.76
2018-07-26,2004.3,2034.1,1991.0,2031.0,2023.4,3909895.0,78746.6
2018-07-27,2032.0,2049.95,2023.25,2045.0,2047.25,1956967.0,39856.9
2018-07-30,2047.0,2052.95,2013.8,2016.0,2028.75,2176046.0,44304.48
2018-07-31,2018.6,2018.6,1971.0,1988.8,1994.85,3581217.0,71171.44
2018-08-01,1995.0,1995.2,1959.65,1962.5,1970.15,3415429.0,67639.66
2018-08-02,1962.0,1966.5,1927.35,1932.0,1931.95,2595747.0,50409.38
2018-08-03,1945.0,1980.0,1941.0,1980.0,1977.5,2346246.0,46180.64
2018-08-06,1999.0,1999.0,1965.05,1976.0,1979.3,2219237.0,43929.21
2018-08-07,1982.0,1992.9,1968.55,1976.4,1978.6,1680478.0,33293.57
2018-08-08,1976.0,1989.75,1953.4,1983.65,1984.6,1507070.0,29773.81
2018-08-09,1988.0,1988.7,1961.35,1971.75,1969.95,1789926.0,35311.18
2018-08-10,1969.95,1980.0,1951.3,1980.0,1974.3,1737395.0,34121.72
2018-08-13,1967.0,1967.35,1939.2,1947.7,1947.0,1195249.0,23259.22
2018-08-14,1956.0,1970.65,1937.8,1940.0,1941.5,1761582.0,34413.06
2018-08-16,1936.5,1936.5,1888.55,1892.2,1891.2,3850598.0,73435.12
2018-08-17,1897.0,1903.0,1881.0,1882.3,1885.65,2387431.0,45170.71
2018-08-20,1894.75,1923.55,1891.3,1920.85,1920.05,1815999.0,34779.91
2018-08-21,1915.05,1931.8,1906.55,1915.0,1913.35,1602054.0,30702.01
2018-08-23,1954.95,1954.95,1900.5,1905.0,1906.3,2900920.0,55859.0
2018-08-24,1904.0,1921.65,1901.0,1917.0,1919.05,1594287.0,30522.02
2018-08-27,1926.9,1935.0,1916.7,1924.9,1924.85,1366731.0,26331.86
2018-08-28,1927.2,1958.95,1926.0,1956.0,1955.15,2013110.0,39183.65
2018-08-29,1959.4,1971.4,1944.7,1949.0,1956.25,2367281.0,46369.99
2018-08-30,1950.0,1964.45,1928.25,1933.0,1934.15,2466442.0,47809.35
2018-08-31,1940.9,1942.45,1908.05,1940.85,1935.95,3856093.0,74261.53
2018-09-03,1950.0,1950.0,1928.1,1943.0,1944.8,2310201.0,44814.8
2018-09-04,1939.0,1959.65,1939.0,1950.75,1954.8,2928533.0,57168.34
2018-09-05,1950.0,1965.0,1923.05,1931.6,1937.4,3587932.0,69597.97
2018-09-06,1949.0,1960.6,1928.45,1953.8,1956.15,4311847.0,83875.23
2018-09-07,1963.5,1963.5,1915.05,1922.9,1920.0,2253314.0,43551.47
2018-09-10,1915.0,1916.0,1878.25,1880.2,1883.55,2191420.0,41442.27
2018-09-11,1890.0,1892.55,1860.45,1872.0,1868.05,4062178.0,75841.75
2018-09-12,1878.9,1886.75,1856.55,1884.75,1877.8,2641076.0,49477.1
2018-09-14,1892.0,1928.95,1882.1,1920.0,1925.45,3521562.0,67236.28
2018-09-17,1910.0,1910.0,1871.0,1877.45,1878.85,2164001.0,40779.53
2018-09-18,1877.25,1888.75,1847.05,1850.0,1855.7,2905388.0,54342.67
2018-09-19,1860.4,1864.0,1824.15,1833.2,1830.65,4046901.0,74513.72
2018-09-21,1835.65,1875.0,1783.0,1839.4,1839.4,6425727.0,118016.13
2018-09-24,1839.0,1846.25,1702.8,1724.0,1718.7,9026730.0,158178.33
2018-09-25,1728.8,1784.0,1713.8,1773.35,1773.35,7202463.0,125782.02
2018-09-26,1783.6,1806.3,1756.1,1759.0,1767.45,4044415.0,71704.72
2018-09-27,1767.15,1768.75,1726.15,1730.0,1729.0,5971180.0,103587.51
2018-09-28,1742.0,1773.5,1736.0,1750.0,1754.5,6882950.0,121044.96
2018-10-01,1765.7,1817.1,1753.1,1815.0,1806.35,2700216.0,48110.48
2018-10-03,1804.8,1819.45,1785.65,1801.35,1797.55,3808517.0,68691.2
2018-10-04,1780.0,1797.95,1742.35,1775.0,1778.45,4280606.0,75584.24
2018-10-05,1768.7,1775.0,1683.75,1685.0,1708.65,4109132.0,71239.61
2018-10-08,1695.8,1708.55,1646.55,1676.0,1667.7,4939555.0,82864.85
2018-10-09,1682.7,1734.0,1671.6,1707.35,1712.75,3082730.0,52919.37
2018-10-10,1717.4,1768.0,1716.65,1738.9,1736.95,2358736.0,41090.56
2018-10-11,1690.0,1724.1,1675.7,1684.0,1684.55,3267234.0,55257.42
2018-10-12,1705.9,1741.5,1694.5,1735.85,1730.3,2731113.0,47169.64
2018-10-15,1755.0,1765.5,1703.65,1732.0,1732.9,2996773.0,51923.35
2018-10-16,1735.0,1773.7,1713.15,1756.25,1756.25,3427228.0,60265.42
2018-10-17,1772.0,1775.0,1729.5,1748.0,1737.8,3584746.0,62743.73
2018-10-19,1725.0,1760.95,1651.7,1665.0,1660.25,5363667.0,91063.64
2018-10-22,1683.9,1689.7,1649.45,1663.0,1658.3,4632839.0,77365.37
2018-10-23,1645.0,1710.0,1644.5,1692.05,1686.75,3734275.0,63151.97
2018-10-24,1715.0,1748.5,1706.6,1747.95,1741.45,3598576.0,62061.41
2018-10-25,1729.75,1740.0,1685.05,1706.75,1694.45,4435395.0,75710.6
2018-10-26,1694.0,1719.85,1675.5,1700.35,1702.1,2780124.0,47286.79
2018-10-29,1705.0,1710.0,1653.05,1706.0,1698.4,5326330.0,89478.28
2018-10-30,1703.0,1710.0,1663.2,1671.05,1671.9,2073955.0,34850.09
2018-10-31,1678.0,1774.5,1677.1,1767.2,1769.25,6450539.0,112022.71
2018-11-01,1776.8,1794.9,1748.25,1762.0,1762.0,5142502.0,90714.12
2018-11-02,1790.0,1836.9,1765.5,1820.0,1824.4,3701701.0,66878.61
2018-11-05,1811.25,1824.4,1773.35,1798.9,1792.9,3291569.0,59051.42
2018-11-06,1801.4,1814.0,1783.1,1802.0,1805.9,2033692.0,36596.81
2018-11-07,1813.55,1819.0,1807.65,1812.6,1815.85,124505.0,2259.85
2018-11-09,1820.0,1832.7,1780.0,1824.95,1816.1,4002556.0,72595.32
2018-11-12,1817.1,1838.45,1789.35,1797.0,1795.9,2020191.0,36579.44
2018-11-13,1790.0,1829.0,1784.55,1825.0,1824.7,1812035.0,32760.12
2018-11-14,1836.0,1850.0,1830.25,1838.0,1839.15,2899132.0,53347.31
2018-11-15,1837.0,1858.0,1824.2,1849.0,1853.6,1666149.0,30733.36
2018-11-16,1861.0,1892.9,1850.0,1884.05,1889.0,2925841.0,54973.08
2018-11-19,1899.95,1906.95,1872.8,1893.2,1899.35,2675368.0,50612.76
2018-11-20,1890.0,1904.0,1872.05,1878.8,1876.8,2123458.0,39983.28
2018-11-21,1877.1,1891.25,1864.0,1872.15,1868.15,2394930.0,44875.25
2018-11-22,1872.0,1889.2,1866.65,1874.7,1873.7,1646774.0,30965.02
2018-11-26,1883.9,1891.3,1869.0,1884.5,1884.65,2375787.0,44732.05
2018-11-27,1884.65,1908.8,1870.0,1903.0,1901.7,2486736.0,47065.31
2018-11-28,1909.0,1930.9,1907.15,1924.0,1928.0,3140874.0,60330.27
2018-11-29,1940.0,1965.0,1935.0,1964.5,1956.3,3832797.0,74725.35
2018-11-30,1970.0,1998.75,1962.8,1992.0,1989.0,4236401.0,83983.1
2018-12-03,2000.15,2017.0,1955.0,1976.4,1980.75,3249616.0,64656.22
2018-12-04,1980.0,1980.0,1917.7,1942.85,1939.45,3914521.0,75845.4
2018-12-05,1927.0,1979.8,1920.6,1970.5,1973.3,3147110.0,61446.71
2018-12-06,1955.05,1969.8,1938.0,1941.0,1945.8,4278616.0,83866.49
2018-12-07,1946.9,1961.3,1929.1,1957.95,1951.35,2442617.0,47479.86
2018-12-10,1924.35,1939.9,1901.25,1905.0,1906.5,2182278.0,41838.1
2018-12-11,1878.0,1912.65,1855.25,1904.0,1905.25,3547051.0,66866.87
2018-12-12,1912.0,1946.8,1904.25,1937.0,1940.2,2228690.0,42877.26
2018-12-13,1945.0,1961.9,1927.9,1941.45,1942.05,2778618.0,54014.36
2018-12-14,1945.0,1955.0,1898.05,1909.6,1904.1,3459751.0,66189.39
2018-12-17,1915.0,1963.4,1913.7,1963.0,1960.35,2030693.0,39454.41
2018-12-18,1955.0,1957.9,1932.5,1949.05,1952.0,2121103.0,41232.51
2018-12-19,1954.0,1985.5,1948.55,1979.8,1981.7,2560551.0,50539.2
2018-12-20,1970.0,1982.0,1943.05,1977.0,1974.7,1829220.0,35853.26
2018-12-21,1974.8,1979.6,1930.0,1943.45,1948.6,4016548.0,78363.87
2018-12-24,1955.0,1955.0,1898.0,1906.75,1902.15,2207727.0,42514.61
2018-12-26,1896.0,1944.7,1883.2,1938.0,1933.35,1536116.0,29345.93
2018-12-27,1948.45,1955.0,1930.0,1946.3,1948.85,1645443.0,31985.18
2018-12-28,1959.0,1990.0,1952.0,1978.15,1979.95,2384400.0,47251.01
2018-12-31,1988.0,1989.75,1961.55,1965.0,1968.35,2289993.0,45137.44
2019-01-01,1968.0,2014.7,1954.5,2010.0,2009.0,1305443.0,25985.79
2019-01-02,2004.7,2009.0,1961.0,1983.0,1980.65,2001170.0,39704.83
2019-01-03,1984.05,1987.1,1931.85,1937.0,1936.85,3732193.0,72787.76
2019-01-04,1948.0,1976.0,1942.0,1973.0,1972.6,2109614.0,41298.67
